expiry,strike,side,oi
2026-10-02,50,call,0
2026-10-02,50,put,12
2026-10-02,55,call,0
2026-10-02,55,put,3
2026-10-02,60,call,0
2026-10-02,60,put,368
2026-10-02,65,call,0
2026-10-02,65,put,1
2026-10-02,70,call,0
2026-10-02,70,put,10
2026-10-02,75,call,0
2026-10-02,75,put,1481
2026-10-02,80,call,0
2026-10-02,80,put,360
2026-10-02,85,call,0
2026-10-02,85,put,121
2026-10-02,90,call,0
2026-10-02,90,put,73
2026-10-02,95,call,0
2026-10-02,95,put,696
2026-10-02,100,call,0
2026-10-02,100,put,637
2026-10-02,105,call,0
2026-10-02,105,put,6588
2026-10-02,110,call,0
2026-10-02,110,put,13632
2026-10-02,115,call,0
2026-10-02,115,put,14540
2026-10-02,120,call,0
2026-10-02,120,put,17378
2026-10-02,125,call,0
2026-10-02,125,put,1667
2026-10-02,130,call,0
2026-10-02,130,put,9080
2026-10-02,135,call,0
2026-10-02,135,put,2406
2026-10-02,140,call,0
2026-10-02,140,put,3609
2026-10-02,145,call,0
2026-10-02,145,put,1636
2026-10-02,150,call,0
2026-10-02,150,put,2516
2026-10-02,155,call,0
2026-10-02,155,put,1040
2026-10-02,160,call,0
2026-10-02,160,put,9819
2026-10-02,165,call,0
2026-10-02,165,put,5376
2026-10-02,170,call,0
2026-10-02,170,put,5356
2026-10-02,175,call,0
2026-10-02,175,put,3017
2026-10-02,180,call,0
2026-10-02,180,put,3057
2026-10-02,182.5,call,0
2026-10-02,182.5,put,2950
2026-10-02,185,call,0
2026-10-02,185,put,3903
2026-10-02,187.5,call,0
2026-10-02,187.5,put,2167
2026-10-02,190,call,0
2026-10-02,190,put,17873
2026-10-02,192.5,call,0
2026-10-02,192.5,put,3587
2026-10-02,195,call,0
2026-10-02,195,put,14783
2026-10-02,197.5,call,0
2026-10-02,197.5,put,6465
2026-10-02,200,call,0
2026-10-02,200,put,63404
2026-10-02,202.5,call,0
2026-10-02,202.5,put,15096
2026-10-02,205,call,0
2026-10-02,205,put,32951
2026-10-02,207.5,call,0
2026-10-02,207.5,put,9794
2026-10-02,210,call,0
2026-10-02,210,put,17930
2026-10-02,212.5,call,0
2026-10-02,212.5,put,13637
2026-10-02,215,call,0
2026-10-02,215,put,14968
2026-10-02,217.5,call,0
2026-10-02,217.5,put,12513
2026-10-02,220,call,0
2026-10-02,220,put,18671
2026-10-02,222.5,call,0
2026-10-02,222.5,put,17231
2026-10-02,225,call,0
2026-10-02,225,put,19386
2026-10-02,227.5,call,0
2026-10-02,227.5,put,19892
2026-10-02,230,call,1
2026-10-02,230,put,28208
2026-10-02,232.5,call,0
2026-10-02,232.5,put,15932
2026-10-02,235,call,38661
2026-10-02,235,put,13
2026-10-02,237.5,call,54007
2026-10-02,237.5,put,0
2026-10-02,240,call,57565
2026-10-02,240,put,0
2026-10-02,242.5,call,32811
2026-10-02,242.5,put,0
2026-10-02,245,call,38318
2026-10-02,245,put,0
2026-10-02,247.5,call,21752
2026-10-02,247.5,put,0
2026-10-02,250,call,70103
2026-10-02,250,put,0
2026-10-02,252.5,call,4372
2026-10-02,252.5,put,0
2026-10-02,255,call,8263
2026-10-02,255,put,0
2026-10-02,260,call,10153
2026-10-02,260,put,0
2026-10-02,265,call,6580
2026-10-02,265,put,0
2026-10-02,270,call,4224
2026-10-02,270,put,0
2026-10-02,275,call,6737
2026-10-02,275,put,0
2026-10-02,280,call,1890
2026-10-02,280,put,0
2026-10-02,285,call,502
2026-10-02,285,put,0
2026-10-02,290,call,1806
2026-10-02,290,put,0
2026-10-02,295,call,505
2026-10-02,295,put,0
2026-10-02,300,call,2697
2026-10-02,300,put,0
2026-10-02,305,call,208
2026-10-02,305,put,0
2026-10-02,310,call,101
2026-10-02,310,put,0
2026-10-02,315,call,490
2026-10-02,315,put,0
2026-10-02,320,call,361
2026-10-02,320,put,0
2026-10-02,325,call,529
2026-10-02,325,put,0
2026-10-02,330,call,1196
2026-10-02,330,put,0
2026-10-02,335,call,472
2026-10-02,335,put,0
2026-10-02,340,call,159
2026-10-02,340,put,0
2026-10-02,345,call,20
2026-10-02,345,put,0
2026-10-02,350,call,58
2026-10-02,350,put,0
2026-10-02,360,call,49
2026-10-02,360,put,0
2026-10-02,370,call,45
2026-10-02,370,put,0
2026-10-02,380,call,12
2026-10-02,380,put,0
2026-10-02,390,call,20
2026-10-02,390,put,0
2026-10-05,115,call,7
2026-10-05,115,put,4
2026-10-05,120,call,4
2026-10-05,120,put,0
2026-10-05,125,call,10
2026-10-05,125,put,0
2026-10-05,130,call,22
2026-10-05,130,put,20
2026-10-05,135,call,15
2026-10-05,135,put,1
2026-10-05,140,call,22
2026-10-05,140,put,0
2026-10-05,145,call,16
2026-10-05,145,put,25070
2026-10-05,150,call,13
2026-10-05,150,put,28426
2026-10-05,155,call,18
2026-10-05,155,put,2362
2026-10-05,160,call,8
2026-10-05,160,put,761
2026-10-05,165,call,9
2026-10-05,165,put,50
2026-10-05,170,call,14
2026-10-05,170,put,812
2026-10-05,175,call,13
2026-10-05,175,put,728
2026-10-05,180,call,23
2026-10-05,180,put,437
2026-10-05,185,call,15
2026-10-05,185,put,697
2026-10-05,190,call,23
2026-10-05,190,put,3301
2026-10-05,195,call,38
2026-10-05,195,put,4463
2026-10-05,197.5,call,34
2026-10-05,197.5,put,4942
2026-10-05,200,call,106
2026-10-05,200,put,8106
2026-10-05,202.5,call,68
2026-10-05,202.5,put,7388
2026-10-05,205,call,30
2026-10-05,205,put,9153
2026-10-05,207.5,call,41
2026-10-05,207.5,put,6496
2026-10-05,210,call,132
2026-10-05,210,put,4200
2026-10-05,212.5,call,289
2026-10-05,212.5,put,7280
2026-10-05,215,call,536
2026-10-05,215,put,6339
2026-10-05,217.5,call,547
2026-10-05,217.5,put,4008
2026-10-05,220,call,1598
2026-10-05,220,put,6750
2026-10-05,222.5,call,503
2026-10-05,222.5,put,5784
2026-10-05,225,call,3159
2026-10-05,225,put,5036
2026-10-05,227.5,call,1667
2026-10-05,227.5,put,5983
2026-10-05,230,call,8035
2026-10-05,230,put,6717
2026-10-05,232.5,call,5552
2026-10-05,232.5,put,5988
2026-10-05,235,call,16441
2026-10-05,235,put,8787
2026-10-05,237.5,call,8882
2026-10-05,237.5,put,2079
2026-10-05,240,call,20573
2026-10-05,240,put,931
2026-10-05,242.5,call,9872
2026-10-05,242.5,put,162
2026-10-05,245,call,15017
2026-10-05,245,put,10
2026-10-05,247.5,call,7144
2026-10-05,247.5,put,1
2026-10-05,250,call,3539
2026-10-05,250,put,0
2026-10-05,252.5,call,2619
2026-10-05,252.5,put,1
2026-10-05,255,call,1662
2026-10-05,255,put,0
2026-10-05,260,call,1842
2026-10-05,260,put,1
2026-10-05,265,call,390
2026-10-05,265,put,0
2026-10-05,270,call,373
2026-10-05,270,put,0
2026-10-05,275,call,61
2026-10-05,275,put,0
2026-10-05,280,call,0
2026-10-05,280,put,0
2026-10-05,285,call,8
2026-10-05,285,put,0
2026-10-05,290,call,81
2026-10-05,290,put,0
2026-10-05,295,call,106
2026-10-05,295,put,0
2026-10-07,115,call,7
2026-10-07,115,put,0
2026-10-07,120,call,7
2026-10-07,120,put,0
2026-10-07,125,call,18
2026-10-07,125,put,0
2026-10-07,130,call,11
2026-10-07,130,put,1
2026-10-07,135,call,15
2026-10-07,135,put,0
2026-10-07,140,call,12
2026-10-07,140,put,9
2026-10-07,145,call,36
2026-10-07,145,put,25
2026-10-07,150,call,38
2026-10-07,150,put,20
2026-10-07,155,call,23
2026-10-07,155,put,62
2026-10-07,160,call,29
2026-10-07,160,put,3
2026-10-07,165,call,30
2026-10-07,165,put,609
2026-10-07,170,call,24
2026-10-07,170,put,193
2026-10-07,175,call,27
2026-10-07,175,put,99
2026-10-07,180,call,32
2026-10-07,180,put,1042
2026-10-07,185,call,23
2026-10-07,185,put,1138
2026-10-07,190,call,20
2026-10-07,190,put,109
2026-10-07,195,call,15
2026-10-07,195,put,1088
2026-10-07,197.5,call,28
2026-10-07,197.5,put,102
2026-10-07,200,call,51
2026-10-07,200,put,460
2026-10-07,202.5,call,23
2026-10-07,202.5,put,1244
2026-10-07,205,call,31
2026-10-07,205,put,421
2026-10-07,207.5,call,34
2026-10-07,207.5,put,68
2026-10-07,210,call,42
2026-10-07,210,put,2438
2026-10-07,212.5,call,94
2026-10-07,212.5,put,694
2026-10-07,215,call,227
2026-10-07,215,put,1775
2026-10-07,217.5,call,459
2026-10-07,217.5,put,1489
2026-10-07,220,call,504
2026-10-07,220,put,1899
2026-10-07,222.5,call,402
2026-10-07,222.5,put,3774
2026-10-07,225,call,508
2026-10-07,225,put,3555
2026-10-07,227.5,call,887
2026-10-07,227.5,put,3390
2026-10-07,230,call,2038
2026-10-07,230,put,10164
2026-10-07,232.5,call,2321
2026-10-07,232.5,put,1611
2026-10-07,235,call,4649
2026-10-07,235,put,2761
2026-10-07,237.5,call,3475
2026-10-07,237.5,put,460
2026-10-07,240,call,7290
2026-10-07,240,put,267
2026-10-07,242.5,call,6548
2026-10-07,242.5,put,153
2026-10-07,245,call,5810
2026-10-07,245,put,290
2026-10-07,247.5,call,9900
2026-10-07,247.5,put,125
2026-10-07,250,call,7360
2026-10-07,250,put,5
2026-10-07,252.5,call,2523
2026-10-07,252.5,put,1
2026-10-07,255,call,2935
2026-10-07,255,put,0
2026-10-07,260,call,639
2026-10-07,260,put,0
2026-10-07,265,call,87
2026-10-07,265,put,0
2026-10-07,270,call,64
2026-10-07,270,put,1
2026-10-07,275,call,33
2026-10-07,275,put,0
2026-10-07,280,call,133
2026-10-07,280,put,0
2026-10-07,285,call,2
2026-10-07,285,put,0
2026-10-07,290,call,0
2026-10-07,290,put,0
2026-10-07,295,call,1
2026-10-07,295,put,0
2026-10-09,50,call,0
2026-10-09,50,put,42
2026-10-09,55,call,4
2026-10-09,55,put,459
2026-10-09,60,call,2
2026-10-09,60,put,4502
2026-10-09,65,call,0
2026-10-09,65,put,15
2026-10-09,70,call,0
2026-10-09,70,put,0
2026-10-09,75,call,3
2026-10-09,75,put,2184
2026-10-09,80,call,1
2026-10-09,80,put,442
2026-10-09,85,call,12
2026-10-09,85,put,626
2026-10-09,90,call,0
2026-10-09,90,put,86
2026-10-09,95,call,2
2026-10-09,95,put,510
2026-10-09,100,call,5
2026-10-09,100,put,1750
2026-10-09,105,call,15
2026-10-09,105,put,13951
2026-10-09,110,call,6
2026-10-09,110,put,46135
2026-10-09,115,call,6
2026-10-09,115,put,28059
2026-10-09,120,call,8
2026-10-09,120,put,10566
2026-10-09,125,call,3
2026-10-09,125,put,1689
2026-10-09,130,call,5
2026-10-09,130,put,706
2026-10-09,135,call,6
2026-10-09,135,put,1171
2026-10-09,140,call,19
2026-10-09,140,put,1046
2026-10-09,145,call,68
2026-10-09,145,put,1157
2026-10-09,150,call,68
2026-10-09,150,put,1190
2026-10-09,155,call,16
2026-10-09,155,put,1255
2026-10-09,160,call,17
2026-10-09,160,put,4026
2026-10-09,165,call,21
2026-10-09,165,put,2997
2026-10-09,170,call,52
2026-10-09,170,put,2880
2026-10-09,175,call,26
2026-10-09,175,put,4506
2026-10-09,180,call,64
2026-10-09,180,put,8156
2026-10-09,185,call,99
2026-10-09,185,put,3688
2026-10-09,190,call,206
2026-10-09,190,put,9629
2026-10-09,195,call,480
2026-10-09,195,put,6873
2026-10-09,197.5,call,28
2026-10-09,197.5,put,1284
2026-10-09,200,call,791
2026-10-09,200,put,8167
2026-10-09,202.5,call,30
2026-10-09,202.5,put,2916
2026-10-09,205,call,545
2026-10-09,205,put,9424
2026-10-09,207.5,call,413
2026-10-09,207.5,put,10508
2026-10-09,210,call,1105
2026-10-09,210,put,6532
2026-10-09,212.5,call,767
2026-10-09,212.5,put,22943
2026-10-09,215,call,9532
2026-10-09,215,put,12528
2026-10-09,217.5,call,2975
2026-10-09,217.5,put,6890
2026-10-09,220,call,4864
2026-10-09,220,put,22386
2026-10-09,222.5,call,1214
2026-10-09,222.5,put,7218
2026-10-09,225,call,7653
2026-10-09,225,put,23607
2026-10-09,227.5,call,4102
2026-10-09,227.5,put,9841
2026-10-09,230,call,15917
2026-10-09,230,put,26454
2026-10-09,232.5,call,4460
2026-10-09,232.5,put,5520
2026-10-09,235,call,31806
2026-10-09,235,put,8638
2026-10-09,237.5,call,9342
2026-10-09,237.5,put,2952
2026-10-09,240,call,78334
2026-10-09,240,put,5418
2026-10-09,242.5,call,19670
2026-10-09,242.5,put,2068
2026-10-09,245,call,43713
2026-10-09,245,put,558
2026-10-09,247.5,call,33368
2026-10-09,247.5,put,337
2026-10-09,250,call,24044
2026-10-09,250,put,215
2026-10-09,252.5,call,4593
2026-10-09,252.5,put,3
2026-10-09,255,call,6799
2026-10-09,255,put,1
2026-10-09,257.5,call,1610
2026-10-09,257.5,put,0
2026-10-09,260,call,10851
2026-10-09,260,put,3
2026-10-09,265,call,9378
2026-10-09,265,put,0
2026-10-09,270,call,4368
2026-10-09,270,put,0
2026-10-09,275,call,1615
2026-10-09,275,put,0
2026-10-09,280,call,2247
2026-10-09,280,put,0
2026-10-09,285,call,1251
2026-10-09,285,put,0
2026-10-09,290,call,638
2026-10-09,290,put,0
2026-10-09,295,call,527
2026-10-09,295,put,0
2026-10-09,300,call,310
2026-10-09,300,put,5
2026-10-09,305,call,242
2026-10-09,305,put,0
2026-10-09,310,call,454
2026-10-09,310,put,0
2026-10-09,315,call,154
2026-10-09,315,put,0
2026-10-09,320,call,30
2026-10-09,320,put,0
2026-10-09,325,call,1025
2026-10-09,325,put,0
2026-10-09,330,call,9
2026-10-09,330,put,0
2026-10-09,335,call,64
2026-10-09,335,put,0
2026-10-09,340,call,2
2026-10-09,340,put,0
2026-10-09,345,call,1
2026-10-09,345,put,0
2026-10-09,350,call,159
2026-10-09,350,put,0
2026-10-09,360,call,10
2026-10-09,360,put,0
2026-10-09,370,call,0
2026-10-09,370,put,0
2026-10-09,380,call,0
2026-10-09,380,put,0
2026-10-09,390,call,4
2026-10-09,390,put,0
2026-10-12,115,call,6
2026-10-12,115,put,4
2026-10-12,120,call,0
2026-10-12,120,put,0
2026-10-12,125,call,0
2026-10-12,125,put,0
2026-10-12,130,call,5
2026-10-12,130,put,0
2026-10-12,135,call,0
2026-10-12,135,put,0
2026-10-12,140,call,0
2026-10-12,140,put,0
2026-10-12,145,call,0
2026-10-12,145,put,14
2026-10-12,150,call,1
2026-10-12,150,put,10
2026-10-12,155,call,1
2026-10-12,155,put,57
2026-10-12,160,call,0
2026-10-12,160,put,30
2026-10-12,165,call,0
2026-10-12,165,put,0
2026-10-12,170,call,5
2026-10-12,170,put,20
2026-10-12,175,call,2
2026-10-12,175,put,6
2026-10-12,180,call,0
2026-10-12,180,put,51
2026-10-12,185,call,0
2026-10-12,185,put,260
2026-10-12,190,call,3
2026-10-12,190,put,42
2026-10-12,195,call,0
2026-10-12,195,put,247
2026-10-12,197.5,call,0
2026-10-12,197.5,put,5
2026-10-12,200,call,54
2026-10-12,200,put,140
2026-10-12,202.5,call,0
2026-10-12,202.5,put,16
2026-10-12,205,call,1
2026-10-12,205,put,57
2026-10-12,207.5,call,0
2026-10-12,207.5,put,82
2026-10-12,210,call,20
2026-10-12,210,put,347
2026-10-12,212.5,call,34
2026-10-12,212.5,put,50
2026-10-12,215,call,5
2026-10-12,215,put,359
2026-10-12,217.5,call,14
2026-10-12,217.5,put,287
2026-10-12,220,call,244
2026-10-12,220,put,996
2026-10-12,222.5,call,135
2026-10-12,222.5,put,1741
2026-10-12,225,call,313
2026-10-12,225,put,627
2026-10-12,227.5,call,158
2026-10-12,227.5,put,569
2026-10-12,230,call,1127
2026-10-12,230,put,553
2026-10-12,232.5,call,885
2026-10-12,232.5,put,259
2026-10-12,235,call,1332
2026-10-12,235,put,462
2026-10-12,237.5,call,1402
2026-10-12,237.5,put,168
2026-10-12,240,call,4717
2026-10-12,240,put,427
2026-10-12,242.5,call,249
2026-10-12,242.5,put,55
2026-10-12,245,call,659
2026-10-12,245,put,6
2026-10-12,247.5,call,582
2026-10-12,247.5,put,0
2026-10-12,250,call,485
2026-10-12,250,put,1
2026-10-12,252.5,call,64
2026-10-12,252.5,put,0
2026-10-12,255,call,424
2026-10-12,255,put,0
2026-10-12,257.5,call,18
2026-10-12,257.5,put,0
2026-10-12,260,call,50
2026-10-12,260,put,0
2026-10-12,265,call,46
2026-10-12,265,put,0
2026-10-12,270,call,19
2026-10-12,270,put,0
2026-10-12,275,call,106
2026-10-12,275,put,1
2026-10-12,280,call,111
2026-10-12,280,put,0
2026-10-12,285,call,5
2026-10-12,285,put,0
2026-10-12,290,call,1
2026-10-12,290,put,0
2026-10-12,295,call,10
2026-10-12,295,put,0
2026-10-12,300,call,0
2026-10-12,300,put,0
2026-10-14,115,call,0
2026-10-14,115,put,0
2026-10-14,120,call,0
2026-10-14,120,put,0
2026-10-14,125,call,0
2026-10-14,125,put,0
2026-10-14,130,call,0
2026-10-14,130,put,0
2026-10-14,135,call,0
2026-10-14,135,put,3
2026-10-14,140,call,0
2026-10-14,140,put,0
2026-10-14,145,call,0
2026-10-14,145,put,14
2026-10-14,150,call,0
2026-10-14,150,put,0
2026-10-14,155,call,0
2026-10-14,155,put,1
2026-10-14,160,call,0
2026-10-14,160,put,21
2026-10-14,165,call,0
2026-10-14,165,put,1
2026-10-14,170,call,0
2026-10-14,170,put,0
2026-10-14,175,call,0
2026-10-14,175,put,4
2026-10-14,180,call,0
2026-10-14,180,put,31
2026-10-14,185,call,0
2026-10-14,185,put,4
2026-10-14,190,call,0
2026-10-14,190,put,33
2026-10-14,195,call,0
2026-10-14,195,put,78
2026-10-14,197.5,call,0
2026-10-14,197.5,put,11
2026-10-14,200,call,3
2026-10-14,200,put,52
2026-10-14,202.5,call,0
2026-10-14,202.5,put,2
2026-10-14,205,call,0
2026-10-14,205,put,32
2026-10-14,207.5,call,0
2026-10-14,207.5,put,54
2026-10-14,210,call,1
2026-10-14,210,put,306
2026-10-14,212.5,call,2
2026-10-14,212.5,put,29
2026-10-14,215,call,6
2026-10-14,215,put,623
2026-10-14,217.5,call,25
2026-10-14,217.5,put,96
2026-10-14,220,call,79
2026-10-14,220,put,241
2026-10-14,222.5,call,83
2026-10-14,222.5,put,313
2026-10-14,225,call,122
2026-10-14,225,put,421
2026-10-14,227.5,call,195
2026-10-14,227.5,put,74
2026-10-14,230,call,712
2026-10-14,230,put,225
2026-10-14,232.5,call,209
2026-10-14,232.5,put,72
2026-10-14,235,call,440
2026-10-14,235,put,153
2026-10-14,237.5,call,560
2026-10-14,237.5,put,244
2026-10-14,240,call,431
2026-10-14,240,put,79
2026-10-14,242.5,call,522
2026-10-14,242.5,put,0
2026-10-14,245,call,288
2026-10-14,245,put,18
2026-10-14,247.5,call,162
2026-10-14,247.5,put,1
2026-10-14,250,call,913
2026-10-14,250,put,10
2026-10-14,252.5,call,18
2026-10-14,252.5,put,3
2026-10-14,255,call,1048
2026-10-14,255,put,0
2026-10-14,260,call,89
2026-10-14,260,put,0
2026-10-14,265,call,15
2026-10-14,265,put,0
2026-10-14,270,call,25
2026-10-14,270,put,0
2026-10-14,275,call,33
2026-10-14,275,put,0
2026-10-14,280,call,4
2026-10-14,280,put,0
2026-10-14,285,call,0
2026-10-14,285,put,0
2026-10-14,290,call,3
2026-10-14,290,put,0
2026-10-14,295,call,0
2026-10-14,295,put,0
2026-10-14,300,call,0
2026-10-14,300,put,0
2026-10-14,305,call,0
2026-10-14,305,put,0
2026-10-16,2.5,call,0
2026-10-16,2.5,put,0
2026-10-16,5,call,1
2026-10-16,5,put,4024
2026-10-16,7.5,call,0
2026-10-16,7.5,put,0
2026-10-16,10,call,8
2026-10-16,10,put,10
2026-10-16,12.5,call,0
2026-10-16,12.5,put,0
2026-10-16,15,call,9
2026-10-16,15,put,2
2026-10-16,17.5,call,0
2026-10-16,17.5,put,0
2026-10-16,20,call,0
2026-10-16,20,put,502
2026-10-16,22.5,call,0
2026-10-16,22.5,put,0
2026-10-16,25,call,0
2026-10-16,25,put,30
2026-10-16,30,call,12
2026-10-16,30,put,1
2026-10-16,35,call,0
2026-10-16,35,put,40
2026-10-16,40,call,2
2026-10-16,40,put,269
2026-10-16,45,call,24
2026-10-16,45,put,82
2026-10-16,50,call,19
2026-10-16,50,put,1487
2026-10-16,55,call,3
2026-10-16,55,put,7234
2026-10-16,60,call,6
2026-10-16,60,put,1746
2026-10-16,65,call,25
2026-10-16,65,put,4617
2026-10-16,70,call,11
2026-10-16,70,put,7804
2026-10-16,75,call,19
2026-10-16,75,put,337
2026-10-16,80,call,230
2026-10-16,80,put,742
2026-10-16,85,call,22
2026-10-16,85,put,1674
2026-10-16,90,call,143
2026-10-16,90,put,1850
2026-10-16,95,call,49
2026-10-16,95,put,1709
2026-10-16,100,call,142
2026-10-16,100,put,5581
2026-10-16,105,call,72
2026-10-16,105,put,2464
2026-10-16,110,call,238
2026-10-16,110,put,8830
2026-10-16,115,call,82
2026-10-16,115,put,14643
2026-10-16,120,call,220
2026-10-16,120,put,21016
2026-10-16,125,call,288
2026-10-16,125,put,10840
2026-10-16,130,call,288
2026-10-16,130,put,8004
2026-10-16,135,call,275
2026-10-16,135,put,11216
2026-10-16,140,call,511
2026-10-16,140,put,23691
2026-10-16,145,call,1536
2026-10-16,145,put,11592
2026-10-16,150,call,1111
2026-10-16,150,put,27692
2026-10-16,155,call,4659
2026-10-16,155,put,12876
2026-10-16,160,call,5268
2026-10-16,160,put,19319
2026-10-16,165,call,595
2026-10-16,165,put,25552
2026-10-16,170,call,1620
2026-10-16,170,put,31459
2026-10-16,175,call,2370
2026-10-16,175,put,19823
2026-10-16,180,call,106306
2026-10-16,180,put,34481
2026-10-16,185,call,2264
2026-10-16,185,put,23237
2026-10-16,190,call,3358
2026-10-16,190,put,23364
2026-10-16,195,call,7000
2026-10-16,195,put,31491
2026-10-16,197.5,call,6
2026-10-16,197.5,put,873
2026-10-16,200,call,8811
2026-10-16,200,put,38857
2026-10-16,202.5,call,12
2026-10-16,202.5,put,3636
2026-10-16,205,call,8873
2026-10-16,205,put,28103
2026-10-16,207.5,call,203
2026-10-16,207.5,put,3189
2026-10-16,210,call,16849
2026-10-16,210,put,27469
2026-10-16,212.5,call,534
2026-10-16,212.5,put,2405
2026-10-16,215,call,23963
2026-10-16,215,put,16702
2026-10-16,217.5,call,1114
2026-10-16,217.5,put,3557
2026-10-16,220,call,101884
2026-10-16,220,put,50247
2026-10-16,222.5,call,1982
2026-10-16,222.5,put,2196
2026-10-16,225,call,29534
2026-10-16,225,put,16893
2026-10-16,227.5,call,3478
2026-10-16,227.5,put,4060
2026-10-16,230,call,57089
2026-10-16,230,put,15692
2026-10-16,232.5,call,8987
2026-10-16,232.5,put,1656
2026-10-16,235,call,46470
2026-10-16,235,put,7523
2026-10-16,237.5,call,6394
2026-10-16,237.5,put,1966
2026-10-16,240,call,65707
2026-10-16,240,put,3700
2026-10-16,242.5,call,5943
2026-10-16,242.5,put,100
2026-10-16,245,call,43104
2026-10-16,245,put,1621
2026-10-16,247.5,call,3951
2026-10-16,247.5,put,15
2026-10-16,250,call,77668
2026-10-16,250,put,1596
2026-10-16,255,call,24749
2026-10-16,255,put,874
2026-10-16,260,call,73240
2026-10-16,260,put,9
2026-10-16,265,call,12104
2026-10-16,265,put,0
2026-10-16,270,call,20322
2026-10-16,270,put,0
2026-10-16,275,call,9604
2026-10-16,275,put,0
2026-10-16,280,call,16061
2026-10-16,280,put,0
2026-10-16,285,call,4831
2026-10-16,285,put,0
2026-10-16,290,call,12082
2026-10-16,290,put,0
2026-10-16,295,call,6428
2026-10-16,295,put,0
2026-10-16,300,call,16157
2026-10-16,300,put,1
2026-10-16,305,call,2245
2026-10-16,305,put,0
2026-10-16,310,call,4825
2026-10-16,310,put,0
2026-10-16,315,call,1077
2026-10-16,315,put,0
2026-10-16,320,call,2178
2026-10-16,320,put,0
2026-10-16,325,call,416
2026-10-16,325,put,0
2026-10-16,330,call,2184
2026-10-16,330,put,0
2026-10-16,335,call,958
2026-10-16,335,put,0
2026-10-16,340,call,2416
2026-10-16,340,put,0
2026-10-16,345,call,875
2026-10-16,345,put,0
2026-10-16,350,call,11882
2026-10-16,350,put,0
2026-10-16,355,call,517
2026-10-16,355,put,0
2026-10-16,360,call,4850
2026-10-16,360,put,0
2026-10-16,365,call,1687
2026-10-16,365,put,0
2026-10-16,370,call,2652
2026-10-16,370,put,0
2026-10-16,375,call,1122
2026-10-16,375,put,0
2026-10-16,380,call,2029
2026-10-16,380,put,0
2026-10-16,385,call,655
2026-10-16,385,put,0
2026-10-16,390,call,1838
2026-10-16,390,put,0
2026-10-16,395,call,542
2026-10-16,395,put,0
2026-10-16,400,call,8390
2026-10-16,400,put,1
2026-10-16,405,call,870
2026-10-16,405,put,0
2026-10-16,410,call,1586
2026-10-16,410,put,0
2026-10-16,415,call,445
2026-10-16,415,put,0
2026-10-16,420,call,930
2026-10-16,420,put,0
2026-10-16,425,call,40
2026-10-16,425,put,0
2026-10-16,430,call,335
2026-10-16,430,put,0
2026-10-16,435,call,534
2026-10-16,435,put,0
2026-10-16,440,call,775
2026-10-16,440,put,0
2026-10-16,450,call,859
2026-10-16,450,put,0
2026-10-16,455,call,752
2026-10-16,455,put,0
2026-10-16,460,call,17138
2026-10-16,460,put,0
2026-10-23,50,call,0
2026-10-23,50,put,17
2026-10-23,55,call,0
2026-10-23,55,put,0
2026-10-23,60,call,0
2026-10-23,60,put,0
2026-10-23,65,call,0
2026-10-23,65,put,0
2026-10-23,70,call,0
2026-10-23,70,put,0
2026-10-23,75,call,4
2026-10-23,75,put,24
2026-10-23,80,call,0
2026-10-23,80,put,219
2026-10-23,85,call,2
2026-10-23,85,put,22
2026-10-23,90,call,8
2026-10-23,90,put,33
2026-10-23,95,call,2
2026-10-23,95,put,101
2026-10-23,100,call,5
2026-10-23,100,put,49
2026-10-23,105,call,2
2026-10-23,105,put,128
2026-10-23,110,call,8
2026-10-23,110,put,18
2026-10-23,115,call,1
2026-10-23,115,put,5328
2026-10-23,120,call,80
2026-10-23,120,put,6661
2026-10-23,125,call,0
2026-10-23,125,put,1037
2026-10-23,130,call,9
2026-10-23,130,put,117
2026-10-23,135,call,6
2026-10-23,135,put,87
2026-10-23,140,call,11
2026-10-23,140,put,1438
2026-10-23,145,call,4
2026-10-23,145,put,60
2026-10-23,150,call,42
2026-10-23,150,put,385
2026-10-23,155,call,8
2026-10-23,155,put,276
2026-10-23,160,call,12
2026-10-23,160,put,341
2026-10-23,165,call,12
2026-10-23,165,put,786
2026-10-23,170,call,20
2026-10-23,170,put,1054
2026-10-23,175,call,62
2026-10-23,175,put,589
2026-10-23,180,call,108
2026-10-23,180,put,1497
2026-10-23,185,call,25
2026-10-23,185,put,2507
2026-10-23,190,call,203
2026-10-23,190,put,2875
2026-10-23,195,call,158
2026-10-23,195,put,2378
2026-10-23,200,call,242
2026-10-23,200,put,4329
2026-10-23,205,call,323
2026-10-23,205,put,8373
2026-10-23,210,call,1356
2026-10-23,210,put,7660
2026-10-23,215,call,1562
2026-10-23,215,put,4620
2026-10-23,220,call,2528
2026-10-23,220,put,3281
2026-10-23,225,call,5458
2026-10-23,225,put,6607
2026-10-23,230,call,5071
2026-10-23,230,put,2247
2026-10-23,235,call,10687
2026-10-23,235,put,3352
2026-10-23,240,call,10949
2026-10-23,240,put,341
2026-10-23,245,call,11788
2026-10-23,245,put,107
2026-10-23,250,call,8893
2026-10-23,250,put,134
2026-10-23,255,call,4593
2026-10-23,255,put,120
2026-10-23,260,call,6605
2026-10-23,260,put,24
2026-10-23,265,call,1069
2026-10-23,265,put,0
2026-10-23,270,call,1397
2026-10-23,270,put,0
2026-10-23,275,call,2511
2026-10-23,275,put,0
2026-10-23,280,call,421
2026-10-23,280,put,10
2026-10-23,285,call,333
2026-10-23,285,put,0
2026-10-23,290,call,332
2026-10-23,290,put,0
2026-10-23,295,call,296
2026-10-23,295,put,0
2026-10-23,300,call,363
2026-10-23,300,put,0
2026-10-23,305,call,73
2026-10-23,305,put,0
2026-10-23,310,call,1082
2026-10-23,310,put,0
2026-10-23,315,call,67
2026-10-23,315,put,0
2026-10-23,320,call,258
2026-10-23,320,put,0
2026-10-23,325,call,236
2026-10-23,325,put,0
2026-10-23,330,call,25
2026-10-23,330,put,0
2026-10-23,335,call,32
2026-10-23,335,put,0
2026-10-23,340,call,125
2026-10-23,340,put,0
2026-10-23,345,call,56
2026-10-23,345,put,0
2026-10-23,350,call,12
2026-10-23,350,put,0
2026-10-23,360,call,53
2026-10-23,360,put,0
2026-10-23,370,call,38
2026-10-23,370,put,0
2026-10-23,380,call,0
2026-10-23,380,put,0
2026-10-23,390,call,6
2026-10-23,390,put,0
2026-10-30,50,call,0
2026-10-30,50,put,6
2026-10-30,55,call,0
2026-10-30,55,put,0
2026-10-30,60,call,1
2026-10-30,60,put,0
2026-10-30,65,call,0
2026-10-30,65,put,10
2026-10-30,70,call,10
2026-10-30,70,put,4
2026-10-30,75,call,0
2026-10-30,75,put,0
2026-10-30,80,call,0
2026-10-30,80,put,3
2026-10-30,85,call,2
2026-10-30,85,put,21
2026-10-30,90,call,2
2026-10-30,90,put,2
2026-10-30,95,call,0
2026-10-30,95,put,3
2026-10-30,100,call,97
2026-10-30,100,put,70
2026-10-30,105,call,0
2026-10-30,105,put,43
2026-10-30,110,call,0
2026-10-30,110,put,27
2026-10-30,115,call,1
2026-10-30,115,put,2
2026-10-30,120,call,10
2026-10-30,120,put,504
2026-10-30,125,call,14
2026-10-30,125,put,18
2026-10-30,130,call,1
2026-10-30,130,put,197
2026-10-30,135,call,12
2026-10-30,135,put,34
2026-10-30,140,call,1
2026-10-30,140,put,64
2026-10-30,145,call,16
2026-10-30,145,put,53
2026-10-30,150,call,56
2026-10-30,150,put,409
2026-10-30,155,call,14
2026-10-30,155,put,243
2026-10-30,160,call,42
2026-10-30,160,put,384
2026-10-30,165,call,5
2026-10-30,165,put,197
2026-10-30,170,call,22
2026-10-30,170,put,988
2026-10-30,175,call,37
2026-10-30,175,put,965
2026-10-30,180,call,40
2026-10-30,180,put,707
2026-10-30,185,call,15
2026-10-30,185,put,846
2026-10-30,190,call,202
2026-10-30,190,put,2065
2026-10-30,195,call,180
2026-10-30,195,put,2655
2026-10-30,200,call,960
2026-10-30,200,put,8993
2026-10-30,205,call,494
2026-10-30,205,put,3733
2026-10-30,210,call,909
2026-10-30,210,put,5889
2026-10-30,215,call,1003
2026-10-30,215,put,4800
2026-10-30,220,call,1931
2026-10-30,220,put,5921
2026-10-30,225,call,5668
2026-10-30,225,put,5302
2026-10-30,230,call,6384
2026-10-30,230,put,3933
2026-10-30,235,call,6257
2026-10-30,235,put,1344
2026-10-30,240,call,11233
2026-10-30,240,put,263
2026-10-30,245,call,11233
2026-10-30,245,put,144
2026-10-30,250,call,12411
2026-10-30,250,put,161
2026-10-30,255,call,8194
2026-10-30,255,put,16
2026-10-30,260,call,6059
2026-10-30,260,put,93
2026-10-30,265,call,2340
2026-10-30,265,put,81
2026-10-30,270,call,12246
2026-10-30,270,put,1
2026-10-30,275,call,1433
2026-10-30,275,put,0
2026-10-30,280,call,2064
2026-10-30,280,put,10
2026-10-30,285,call,654
2026-10-30,285,put,0
2026-10-30,290,call,1029
2026-10-30,290,put,0
2026-10-30,295,call,96
2026-10-30,295,put,0
2026-10-30,300,call,799
2026-10-30,300,put,0
2026-10-30,305,call,257
2026-10-30,305,put,0
2026-10-30,310,call,8
2026-10-30,310,put,0
2026-10-30,315,call,49
2026-10-30,315,put,0
2026-10-30,320,call,33
2026-10-30,320,put,0
2026-10-30,325,call,9
2026-10-30,325,put,0
2026-10-30,330,call,61
2026-10-30,330,put,0
2026-10-30,335,call,5
2026-10-30,335,put,0
2026-10-30,340,call,1
2026-10-30,340,put,0
2026-10-30,345,call,16
2026-10-30,345,put,0
2026-10-30,350,call,21
2026-10-30,350,put,0
2026-10-30,360,call,61
2026-10-30,360,put,0
2026-10-30,370,call,0
2026-10-30,370,put,0
2026-10-30,380,call,0
2026-10-30,380,put,0
2026-10-30,390,call,132
2026-10-30,390,put,0
2026-11-06,50,call,0
2026-11-06,50,put,5
2026-11-06,55,call,0
2026-11-06,55,put,0
2026-11-06,60,call,0
2026-11-06,60,put,0
2026-11-06,65,call,0
2026-11-06,65,put,0
2026-11-06,70,call,0
2026-11-06,70,put,1
2026-11-06,75,call,0
2026-11-06,75,put,5
2026-11-06,80,call,0
2026-11-06,80,put,0
2026-11-06,85,call,0
2026-11-06,85,put,0
2026-11-06,90,call,0
2026-11-06,90,put,1
2026-11-06,95,call,0
2026-11-06,95,put,8
2026-11-06,100,call,0
2026-11-06,100,put,6
2026-11-06,105,call,0
2026-11-06,105,put,11
2026-11-06,110,call,0
2026-11-06,110,put,0
2026-11-06,115,call,7
2026-11-06,115,put,0
2026-11-06,120,call,0
2026-11-06,120,put,15
2026-11-06,125,call,1
2026-11-06,125,put,18
2026-11-06,130,call,0
2026-11-06,130,put,16
2026-11-06,135,call,1
2026-11-06,135,put,1
2026-11-06,140,call,0
2026-11-06,140,put,2
2026-11-06,145,call,2
2026-11-06,145,put,5
2026-11-06,150,call,11
2026-11-06,150,put,36
2026-11-06,155,call,1
2026-11-06,155,put,89
2026-11-06,160,call,0
2026-11-06,160,put,56
2026-11-06,165,call,9
2026-11-06,165,put,104
2026-11-06,170,call,1
2026-11-06,170,put,143
2026-11-06,175,call,1
2026-11-06,175,put,694
2026-11-06,180,call,2
2026-11-06,180,put,199
2026-11-06,185,call,3
2026-11-06,185,put,234
2026-11-06,190,call,3
2026-11-06,190,put,503
2026-11-06,195,call,101
2026-11-06,195,put,2173
2026-11-06,200,call,90
2026-11-06,200,put,3183
2026-11-06,205,call,41
2026-11-06,205,put,3378
2026-11-06,210,call,104
2026-11-06,210,put,1562
2026-11-06,215,call,132
2026-11-06,215,put,1029
2026-11-06,220,call,362
2026-11-06,220,put,1259
2026-11-06,225,call,535
2026-11-06,225,put,1923
2026-11-06,230,call,2204
2026-11-06,230,put,1762
2026-11-06,235,call,2322
2026-11-06,235,put,857
2026-11-06,240,call,3581
2026-11-06,240,put,260
2026-11-06,245,call,1823
2026-11-06,245,put,27
2026-11-06,250,call,4862
2026-11-06,250,put,37
2026-11-06,255,call,6971
2026-11-06,255,put,54
2026-11-06,260,call,3633
2026-11-06,260,put,11
2026-11-06,265,call,2767
2026-11-06,265,put,2
2026-11-06,270,call,563
2026-11-06,270,put,1
2026-11-06,275,call,359
2026-11-06,275,put,0
2026-11-06,280,call,349
2026-11-06,280,put,10
2026-11-06,285,call,718
2026-11-06,285,put,0
2026-11-06,290,call,1759
2026-11-06,290,put,0
2026-11-06,295,call,165
2026-11-06,295,put,0
2026-11-06,300,call,260
2026-11-06,300,put,0
2026-11-06,305,call,5
2026-11-06,305,put,0
2026-11-06,310,call,3
2026-11-06,310,put,0
2026-11-06,315,call,0
2026-11-06,315,put,0
2026-11-06,320,call,0
2026-11-06,320,put,0
2026-11-06,325,call,0
2026-11-06,325,put,0
2026-11-06,330,call,0
2026-11-06,330,put,0
2026-11-06,335,call,0
2026-11-06,335,put,0
2026-11-06,340,call,3
2026-11-06,340,put,0
2026-11-06,345,call,5
2026-11-06,345,put,0
2026-11-06,350,call,0
2026-11-06,350,put,0
2026-11-06,360,call,27
2026-11-06,360,put,0
2026-11-06,370,call,0
2026-11-06,370,put,0
2026-11-06,380,call,0
2026-11-06,380,put,0
2026-11-06,390,call,9
2026-11-06,390,put,0
2026-11-13,50,call,0
2026-11-13,50,put,0
2026-11-13,55,call,0
2026-11-13,55,put,0
2026-11-13,60,call,0
2026-11-13,60,put,0
2026-11-13,65,call,0
2026-11-13,65,put,0
2026-11-13,70,call,0
2026-11-13,70,put,0
2026-11-13,75,call,0
2026-11-13,75,put,0
2026-11-13,80,call,0
2026-11-13,80,put,0
2026-11-13,85,call,0
2026-11-13,85,put,0
2026-11-13,90,call,0
2026-11-13,90,put,0
2026-11-13,95,call,0
2026-11-13,95,put,0
2026-11-13,100,call,0
2026-11-13,100,put,0
2026-11-13,105,call,0
2026-11-13,105,put,0
2026-11-13,110,call,0
2026-11-13,110,put,0
2026-11-13,115,call,0
2026-11-13,115,put,0
2026-11-13,120,call,0
2026-11-13,120,put,0
2026-11-13,125,call,5
2026-11-13,125,put,2
2026-11-13,130,call,0
2026-11-13,130,put,0
2026-11-13,135,call,0
2026-11-13,135,put,0
2026-11-13,140,call,0
2026-11-13,140,put,0
2026-11-13,145,call,0
2026-11-13,145,put,2
2026-11-13,150,call,1
2026-11-13,150,put,4
2026-11-13,155,call,0
2026-11-13,155,put,1
2026-11-13,160,call,0
2026-11-13,160,put,40
2026-11-13,165,call,4
2026-11-13,165,put,79
2026-11-13,170,call,2
2026-11-13,170,put,806
2026-11-13,175,call,0
2026-11-13,175,put,37
2026-11-13,180,call,3
2026-11-13,180,put,34
2026-11-13,185,call,3
2026-11-13,185,put,16
2026-11-13,190,call,7
2026-11-13,190,put,38
2026-11-13,195,call,0
2026-11-13,195,put,48
2026-11-13,200,call,38
2026-11-13,200,put,160
2026-11-13,205,call,1
2026-11-13,205,put,154
2026-11-13,210,call,17
2026-11-13,210,put,340
2026-11-13,215,call,23
2026-11-13,215,put,200
2026-11-13,220,call,26
2026-11-13,220,put,245
2026-11-13,225,call,41
2026-11-13,225,put,247
2026-11-13,230,call,259
2026-11-13,230,put,207
2026-11-13,235,call,425
2026-11-13,235,put,326
2026-11-13,240,call,1459
2026-11-13,240,put,169
2026-11-13,245,call,1204
2026-11-13,245,put,136
2026-11-13,250,call,855
2026-11-13,250,put,33
2026-11-13,255,call,311
2026-11-13,255,put,0
2026-11-13,260,call,978
2026-11-13,260,put,0
2026-11-13,265,call,548
2026-11-13,265,put,0
2026-11-13,270,call,585
2026-11-13,270,put,0
2026-11-13,275,call,52
2026-11-13,275,put,0
2026-11-13,280,call,122
2026-11-13,280,put,0
2026-11-13,285,call,74
2026-11-13,285,put,0
2026-11-13,290,call,76
2026-11-13,290,put,0
2026-11-13,295,call,1
2026-11-13,295,put,0
2026-11-13,300,call,68
2026-11-13,300,put,0
2026-11-13,305,call,1
2026-11-13,305,put,0
2026-11-13,310,call,9
2026-11-13,310,put,0
2026-11-13,315,call,3
2026-11-13,315,put,0
2026-11-13,320,call,1
2026-11-13,320,put,0
2026-11-13,325,call,6
2026-11-13,325,put,0
2026-11-13,330,call,0
2026-11-13,330,put,0
2026-11-13,335,call,0
2026-11-13,335,put,0
2026-11-13,340,call,2
2026-11-13,340,put,0
2026-11-13,345,call,4
2026-11-13,345,put,0
2026-11-13,350,call,2
2026-11-13,350,put,0
2026-11-13,360,call,2
2026-11-13,360,put,0
2026-11-13,370,call,0
2026-11-13,370,put,0
2026-11-13,380,call,0
2026-11-13,380,put,0
2026-11-13,390,call,0
2026-11-13,390,put,0
2026-11-20,2.5,call,0
2026-11-20,2.5,put,0
2026-11-20,5,call,42
2026-11-20,5,put,0
2026-11-20,7.5,call,0
2026-11-20,7.5,put,0
2026-11-20,10,call,0
2026-11-20,10,put,10
2026-11-20,12.5,call,0
2026-11-20,12.5,put,0
2026-11-20,15,call,0
2026-11-20,15,put,0
2026-11-20,17.5,call,0
2026-11-20,17.5,put,0
2026-11-20,20,call,1
2026-11-20,20,put,0
2026-11-20,22.5,call,0
2026-11-20,22.5,put,0
2026-11-20,25,call,0
2026-11-20,25,put,0
2026-11-20,30,call,0
2026-11-20,30,put,0
2026-11-20,35,call,0
2026-11-20,35,put,0
2026-11-20,40,call,0
2026-11-20,40,put,0
2026-11-20,45,call,0
2026-11-20,45,put,10
2026-11-20,50,call,31
2026-11-20,50,put,4049
2026-11-20,55,call,10
2026-11-20,55,put,379
2026-11-20,60,call,48
2026-11-20,60,put,302
2026-11-20,65,call,50
2026-11-20,65,put,135
2026-11-20,70,call,33
2026-11-20,70,put,363
2026-11-20,75,call,17
2026-11-20,75,put,334
2026-11-20,80,call,43
2026-11-20,80,put,1320
2026-11-20,85,call,46
2026-11-20,85,put,710
2026-11-20,90,call,80
2026-11-20,90,put,448
2026-11-20,95,call,53
2026-11-20,95,put,783
2026-11-20,100,call,295
2026-11-20,100,put,8758
2026-11-20,105,call,242
2026-11-20,105,put,509
2026-11-20,110,call,231
2026-11-20,110,put,3772
2026-11-20,115,call,340
2026-11-20,115,put,6700
2026-11-20,120,call,372
2026-11-20,120,put,5156
2026-11-20,125,call,326
2026-11-20,125,put,6734
2026-11-20,130,call,400
2026-11-20,130,put,6859
2026-11-20,135,call,438
2026-11-20,135,put,8509
2026-11-20,140,call,1559
2026-11-20,140,put,9496
2026-11-20,145,call,371
2026-11-20,145,put,8071
2026-11-20,150,call,999
2026-11-20,150,put,21531
2026-11-20,155,call,1925
2026-11-20,155,put,10201
2026-11-20,160,call,1241
2026-11-20,160,put,21437
2026-11-20,165,call,1746
2026-11-20,165,put,11275
2026-11-20,170,call,1968
2026-11-20,170,put,25324
2026-11-20,175,call,2331
2026-11-20,175,put,23495
2026-11-20,180,call,7174
2026-11-20,180,put,35242
2026-11-20,185,call,3496
2026-11-20,185,put,13434
2026-11-20,190,call,3714
2026-11-20,190,put,30134
2026-11-20,195,call,3929
2026-11-20,195,put,21502
2026-11-20,200,call,25234
2026-11-20,200,put,52592
2026-11-20,205,call,5882
2026-11-20,205,put,12097
2026-11-20,210,call,76210
2026-11-20,210,put,26669
2026-11-20,215,call,12007
2026-11-20,215,put,26952
2026-11-20,220,call,18828
2026-11-20,220,put,17494
2026-11-20,225,call,16337
2026-11-20,225,put,10421
2026-11-20,230,call,60258
2026-11-20,230,put,12745
2026-11-20,235,call,18687
2026-11-20,235,put,4074
2026-11-20,240,call,35607
2026-11-20,240,put,2465
2026-11-20,245,call,102991
2026-11-20,245,put,1661
2026-11-20,250,call,42164
2026-11-20,250,put,2398
2026-11-20,255,call,14881
2026-11-20,255,put,317
2026-11-20,260,call,28061
2026-11-20,260,put,1297
2026-11-20,265,call,14693
2026-11-20,265,put,764
2026-11-20,270,call,27239
2026-11-20,270,put,666
2026-11-20,275,call,34275
2026-11-20,275,put,132
2026-11-20,280,call,16919
2026-11-20,280,put,50
2026-11-20,285,call,5875
2026-11-20,285,put,95
2026-11-20,290,call,5171
2026-11-20,290,put,6
2026-11-20,295,call,71726
2026-11-20,295,put,0
2026-11-20,300,call,13476
2026-11-20,300,put,0
2026-11-20,305,call,2991
2026-11-20,305,put,0
2026-11-20,310,call,3509
2026-11-20,310,put,0
2026-11-20,315,call,124
2026-11-20,315,put,0
2026-11-20,320,call,2332
2026-11-20,320,put,0
2026-11-20,325,call,94
2026-11-20,325,put,0
2026-11-20,330,call,2259
2026-11-20,330,put,0
2026-11-20,335,call,67
2026-11-20,335,put,0
2026-11-20,340,call,1710
2026-11-20,340,put,1
2026-11-20,345,call,6
2026-11-20,345,put,0
2026-11-20,350,call,1341
2026-11-20,350,put,0
2026-11-20,355,call,19
2026-11-20,355,put,0
2026-11-20,360,call,2709
2026-11-20,360,put,0
2026-11-20,365,call,113
2026-11-20,365,put,0
2026-11-20,370,call,2029
2026-11-20,370,put,0
2026-11-20,375,call,147
2026-11-20,375,put,0
2026-11-20,380,call,1667
2026-11-20,380,put,0
2026-11-20,385,call,2
2026-11-20,385,put,0
2026-11-20,390,call,530
2026-11-20,390,put,0
2026-11-20,395,call,3
2026-11-20,395,put,0
2026-11-20,400,call,12144
2026-11-20,400,put,0
2026-11-20,405,call,75
2026-11-20,405,put,0
2026-11-20,410,call,1274
2026-11-20,410,put,0
2026-11-20,415,call,20
2026-11-20,415,put,0
2026-11-20,420,call,607
2026-11-20,420,put,0
2026-11-20,425,call,25
2026-11-20,425,put,0
2026-11-20,430,call,398
2026-11-20,430,put,0
2026-11-20,440,call,847
2026-11-20,440,put,0
2026-11-20,450,call,536
2026-11-20,450,put,0
2026-11-20,455,call,3297
2026-11-20,455,put,0
2026-11-20,460,call,6894
2026-11-20,460,put,0
2026-12-18,0.5,call,683
2026-12-18,0.5,put,31542
2026-12-18,1,call,31
2026-12-18,1,put,5945
2026-12-18,1.5,call,0
2026-12-18,1.5,put,490
2026-12-18,2,call,0
2026-12-18,2,put,3366
2026-12-18,2.5,call,0
2026-12-18,2.5,put,4768
2026-12-18,3,call,0
2026-12-18,3,put,1652
2026-12-18,3.5,call,0
2026-12-18,3.5,put,198
2026-12-18,4,call,4
2026-12-18,4,put,725
2026-12-18,4.5,call,0
2026-12-18,4.5,put,1079
2026-12-18,5,call,1
2026-12-18,5,put,2552
2026-12-18,6,call,0
2026-12-18,6,put,852
2026-12-18,7,call,0
2026-12-18,7,put,1077
2026-12-18,8,call,0
2026-12-18,8,put,891
2026-12-18,9,call,0
2026-12-18,9,put,1198
2026-12-18,10,call,34
2026-12-18,10,put,12628
2026-12-18,11,call,0
2026-12-18,11,put,2415
2026-12-18,12,call,143
2026-12-18,12,put,215
2026-12-18,13,call,2
2026-12-18,13,put,13051
2026-12-18,14,call,1
2026-12-18,14,put,660
2026-12-18,15,call,362
2026-12-18,15,put,7670
2026-12-18,16,call,135
2026-12-18,16,put,621
2026-12-18,17,call,216
2026-12-18,17,put,2815
2026-12-18,18,call,141
2026-12-18,18,put,1550
2026-12-18,19,call,172
2026-12-18,19,put,407
2026-12-18,20,call,12978
2026-12-18,20,put,19301
2026-12-18,21,call,3788
2026-12-18,21,put,752
2026-12-18,22,call,3591
2026-12-18,22,put,2262
2026-12-18,23,call,327
2026-12-18,23,put,872
2026-12-18,24,call,653
2026-12-18,24,put,804
2026-12-18,25,call,1251
2026-12-18,25,put,30133
2026-12-18,26,call,662
2026-12-18,26,put,1235
2026-12-18,27,call,1017
2026-12-18,27,put,1304
2026-12-18,28,call,532
2026-12-18,28,put,4781
2026-12-18,29,call,560
2026-12-18,29,put,798
2026-12-18,30,call,1858
2026-12-18,30,put,5493
2026-12-18,31,call,979
2026-12-18,31,put,1414
2026-12-18,32,call,2460
2026-12-18,32,put,2313
2026-12-18,33,call,342
2026-12-18,33,put,2722
2026-12-18,34,call,361
2026-12-18,34,put,1923
2026-12-18,35,call,2221
2026-12-18,35,put,7151
2026-12-18,36,call,265
2026-12-18,36,put,11213
2026-12-18,37,call,336
2026-12-18,37,put,1029
2026-12-18,38,call,948
2026-12-18,38,put,973
2026-12-18,39,call,1272
2026-12-18,39,put,455
2026-12-18,40,call,1764
2026-12-18,40,put,7319
2026-12-18,41,call,877
2026-12-18,41,put,1315
2026-12-18,42,call,1155
2026-12-18,42,put,640
2026-12-18,43,call,796
2026-12-18,43,put,874
2026-12-18,44,call,648
2026-12-18,44,put,1576
2026-12-18,45,call,592
2026-12-18,45,put,12972
2026-12-18,46,call,909
2026-12-18,46,put,1885
2026-12-18,47,call,303
2026-12-18,47,put,2766
2026-12-18,48,call,542
2026-12-18,48,put,1603
2026-12-18,49,call,2620
2026-12-18,49,put,1940
2026-12-18,50,call,6111
2026-12-18,50,put,13330
2026-12-18,51,call,1792
2026-12-18,51,put,2035
2026-12-18,52,call,1048
2026-12-18,52,put,1121
2026-12-18,53,call,1035
2026-12-18,53,put,745
2026-12-18,54,call,549
2026-12-18,54,put,1894
2026-12-18,55,call,2456
2026-12-18,55,put,8430
2026-12-18,56,call,933
2026-12-18,56,put,1934
2026-12-18,57,call,733
2026-12-18,57,put,5467
2026-12-18,58,call,701
2026-12-18,58,put,5132
2026-12-18,59,call,7250
2026-12-18,59,put,419
2026-12-18,60,call,3419
2026-12-18,60,put,13549
2026-12-18,61,call,563
2026-12-18,61,put,1997
2026-12-18,62,call,972
2026-12-18,62,put,1230
2026-12-18,63,call,2169
2026-12-18,63,put,686
2026-12-18,64,call,1053
2026-12-18,64,put,1747
2026-12-18,65,call,2136
2026-12-18,65,put,15687
2026-12-18,66,call,854
2026-12-18,66,put,474
2026-12-18,67,call,756
2026-12-18,67,put,1236
2026-12-18,68,call,1109
2026-12-18,68,put,4391
2026-12-18,69,call,4982
2026-12-18,69,put,1554
2026-12-18,70,call,4009
2026-12-18,70,put,9833
2026-12-18,71,call,1510
2026-12-18,71,put,2708
2026-12-18,72,call,628
2026-12-18,72,put,14519
2026-12-18,73,call,760
2026-12-18,73,put,614
2026-12-18,74,call,4184
2026-12-18,74,put,993
2026-12-18,75,call,7202
2026-12-18,75,put,17853
2026-12-18,76,call,344
2026-12-18,76,put,2341
2026-12-18,77,call,1650
2026-12-18,77,put,2007
2026-12-18,78,call,508
2026-12-18,78,put,2110
2026-12-18,79,call,1442
2026-12-18,79,put,829
2026-12-18,80,call,14169
2026-12-18,80,put,14186
2026-12-18,81,call,1941
2026-12-18,81,put,1924
2026-12-18,82,call,1856
2026-12-18,82,put,3375
2026-12-18,83,call,2723
2026-12-18,83,put,1140
2026-12-18,84,call,1788
2026-12-18,84,put,1191
2026-12-18,85,call,7250
2026-12-18,85,put,8319
2026-12-18,86,call,1852
2026-12-18,86,put,4125
2026-12-18,87,call,1881
2026-12-18,87,put,772
2026-12-18,88,call,4003
2026-12-18,88,put,1019
2026-12-18,89,call,1258
2026-12-18,89,put,7726
2026-12-18,90,call,13686
2026-12-18,90,put,19169
2026-12-18,91,call,2421
2026-12-18,91,put,2091
2026-12-18,92,call,1463
2026-12-18,92,put,2397
2026-12-18,93,call,3540
2026-12-18,93,put,2462
2026-12-18,94,call,1345
2026-12-18,94,put,1001
2026-12-18,95,call,1883
2026-12-18,95,put,5828
2026-12-18,96,call,703
2026-12-18,96,put,2012
2026-12-18,97,call,4108
2026-12-18,97,put,1710
2026-12-18,98,call,697
2026-12-18,98,put,940
2026-12-18,99,call,1449
2026-12-18,99,put,2660
2026-12-18,100,call,16116
2026-12-18,100,put,30319
2026-12-18,101,call,12472
2026-12-18,101,put,5314
2026-12-18,102,call,1355
2026-12-18,102,put,926
2026-12-18,103,call,12156
2026-12-18,103,put,1627
2026-12-18,104,call,453
2026-12-18,104,put,793
2026-12-18,105,call,12152
2026-12-18,105,put,5752
2026-12-18,106,call,889
2026-12-18,106,put,892
2026-12-18,107,call,939
2026-12-18,107,put,1539
2026-12-18,108,call,1234
2026-12-18,108,put,2548
2026-12-18,109,call,418
2026-12-18,109,put,629
2026-12-18,110,call,14781
2026-12-18,110,put,18210
2026-12-18,111,call,611
2026-12-18,111,put,797
2026-12-18,112,call,1366
2026-12-18,112,put,3863
2026-12-18,113,call,2152
2026-12-18,113,put,3269
2026-12-18,114,call,667
2026-12-18,114,put,2165
2026-12-18,115,call,1746
2026-12-18,115,put,6489
2026-12-18,116,call,944
2026-12-18,116,put,4987
2026-12-18,117,call,1905
2026-12-18,117,put,1812
2026-12-18,118,call,1887
2026-12-18,118,put,1843
2026-12-18,119,call,861
2026-12-18,119,put,1284
2026-12-18,120,call,7745
2026-12-18,120,put,18754
2026-12-18,121,call,878
2026-12-18,121,put,892
2026-12-18,122,call,2712
2026-12-18,122,put,1574
2026-12-18,123,call,940
2026-12-18,123,put,1445
2026-12-18,124,call,811
2026-12-18,124,put,7539
2026-12-18,125,call,12358
2026-12-18,125,put,18919
2026-12-18,126,call,4398
2026-12-18,126,put,2974
2026-12-18,127,call,1697
2026-12-18,127,put,3370
2026-12-18,128,call,1305
2026-12-18,128,put,1421
2026-12-18,129,call,1199
2026-12-18,129,put,1631
2026-12-18,130,call,30561
2026-12-18,130,put,14046
2026-12-18,132,call,2371
2026-12-18,132,put,3168
2026-12-18,134,call,2018
2026-12-18,134,put,3372
2026-12-18,135,call,3135
2026-12-18,135,put,6935
2026-12-18,136,call,2091
2026-12-18,136,put,1719
2026-12-18,138,call,2761
2026-12-18,138,put,3630
2026-12-18,140,call,13090
2026-12-18,140,put,17951
2026-12-18,142,call,1271
2026-12-18,142,put,2319
2026-12-18,144,call,1249
2026-12-18,144,put,2381
2026-12-18,145,call,3233
2026-12-18,145,put,7441
2026-12-18,146,call,1912
2026-12-18,146,put,4690
2026-12-18,148,call,9103
2026-12-18,148,put,4517
2026-12-18,150,call,15570
2026-12-18,150,put,27555
2026-12-18,152,call,969
2026-12-18,152,put,2045
2026-12-18,154,call,3690
2026-12-18,154,put,1584
2026-12-18,155,call,1064
2026-12-18,155,put,12882
2026-12-18,156,call,2282
2026-12-18,156,put,1769
2026-12-18,158,call,1186
2026-12-18,158,put,3736
2026-12-18,160,call,15203
2026-12-18,160,put,45080
2026-12-18,162,call,1258
2026-12-18,162,put,4075
2026-12-18,164,call,29951
2026-12-18,164,put,9773
2026-12-18,165,call,1877
2026-12-18,165,put,22131
2026-12-18,166,call,859
2026-12-18,166,put,2036
2026-12-18,167,call,600
2026-12-18,167,put,4336
2026-12-18,168,call,1201
2026-12-18,168,put,2248
2026-12-18,169,call,1222
2026-12-18,169,put,4130
2026-12-18,170,call,6938
2026-12-18,170,put,19074
2026-12-18,171,call,1293
2026-12-18,171,put,3444
2026-12-18,172,call,1621
2026-12-18,172,put,2228
2026-12-18,173,call,398
2026-12-18,173,put,3295
2026-12-18,174,call,2161
2026-12-18,174,put,3265
2026-12-18,175,call,5373
2026-12-18,175,put,13689
2026-12-18,176,call,14636
2026-12-18,176,put,2574
2026-12-18,177,call,1610
2026-12-18,177,put,2238
2026-12-18,178,call,2283
2026-12-18,178,put,4213
2026-12-18,179,call,3033
2026-12-18,179,put,3217
2026-12-18,180,call,23131
2026-12-18,180,put,27800
2026-12-18,181,call,3730
2026-12-18,181,put,4348
2026-12-18,182,call,1966
2026-12-18,182,put,3172
2026-12-18,183,call,2723
2026-12-18,183,put,2846
2026-12-18,184,call,2661
2026-12-18,184,put,1763
2026-12-18,185,call,4733
2026-12-18,185,put,14078
2026-12-18,186,call,2256
2026-12-18,186,put,5416
2026-12-18,187,call,1789
2026-12-18,187,put,3571
2026-12-18,188,call,1976
2026-12-18,188,put,2863
2026-12-18,189,call,5089
2026-12-18,189,put,2297
2026-12-18,190,call,11703
2026-12-18,190,put,30818
2026-12-18,191,call,1554
2026-12-18,191,put,2758
2026-12-18,192,call,969
2026-12-18,192,put,2421
2026-12-18,193,call,1552
2026-12-18,193,put,2272
2026-12-18,194,call,12754
2026-12-18,194,put,3317
2026-12-18,195,call,4148
2026-12-18,195,put,19029
2026-12-18,200,call,49454
2026-12-18,200,put,60367
2026-12-18,205,call,6104
2026-12-18,205,put,13847
2026-12-18,210,call,29420
2026-12-18,210,put,26034
2026-12-18,212,call,2350
2026-12-18,212,put,2712
2026-12-18,213,call,2652
2026-12-18,213,put,2425
2026-12-18,214,call,2240
2026-12-18,214,put,2953
2026-12-18,215,call,13920
2026-12-18,215,put,6871
2026-12-18,216,call,2852
2026-12-18,216,put,1806
2026-12-18,217,call,3125
2026-12-18,217,put,3620
2026-12-18,218,call,2637
2026-12-18,218,put,1055
2026-12-18,219,call,1664
2026-12-18,219,put,1467
2026-12-18,220,call,60082
2026-12-18,220,put,43304
2026-12-18,221,call,2361
2026-12-18,221,put,5998
2026-12-18,222,call,2877
2026-12-18,222,put,904
2026-12-18,223,call,2110
2026-12-18,223,put,915
2026-12-18,224,call,1651
2026-12-18,224,put,2031
2026-12-18,225,call,22046
2026-12-18,225,put,9361
2026-12-18,226,call,3481
2026-12-18,226,put,1434
2026-12-18,227,call,1725
2026-12-18,227,put,1962
2026-12-18,228,call,17570
2026-12-18,228,put,2712
2026-12-18,230,call,25823
2026-12-18,230,put,16097
2026-12-18,235,call,14851
2026-12-18,235,put,5046
2026-12-18,240,call,28297
2026-12-18,240,put,2956
2026-12-18,245,call,19968
2026-12-18,245,put,1052
2026-12-18,250,call,51403
2026-12-18,250,put,2582
2026-12-18,255,call,11100
2026-12-18,255,put,1308
2026-12-18,260,call,25546
2026-12-18,260,put,1183
2026-12-18,265,call,9663
2026-12-18,265,put,799
2026-12-18,270,call,27974
2026-12-18,270,put,1565
2026-12-18,275,call,21387
2026-12-18,275,put,1241
2026-12-18,280,call,35520
2026-12-18,280,put,339
2026-12-18,285,call,7238
2026-12-18,285,put,338
2026-12-18,290,call,15733
2026-12-18,290,put,344
2026-12-18,295,call,5155
2026-12-18,295,put,25
2026-12-18,300,call,48131
2026-12-18,300,put,16
2026-12-18,305,call,6944
2026-12-18,305,put,1
2026-12-18,310,call,7329
2026-12-18,310,put,0
2026-12-18,315,call,1109
2026-12-18,315,put,0
2026-12-18,320,call,6647
2026-12-18,320,put,0
2026-12-18,325,call,3931
2026-12-18,325,put,0
2026-12-18,330,call,6132
2026-12-18,330,put,0
2026-12-18,335,call,775
2026-12-18,335,put,0
2026-12-18,340,call,3318
2026-12-18,340,put,0
2026-12-18,345,call,2752
2026-12-18,345,put,0
2026-12-18,350,call,3762
2026-12-18,350,put,0
2026-12-18,355,call,2970
2026-12-18,355,put,0
2026-12-18,360,call,3445
2026-12-18,360,put,0
2026-12-18,365,call,486
2026-12-18,365,put,0
2026-12-18,370,call,2585
2026-12-18,370,put,0
2026-12-18,375,call,595
2026-12-18,375,put,0
2026-12-18,380,call,1015
2026-12-18,380,put,0
2026-12-18,385,call,1541
2026-12-18,385,put,0
2026-12-18,390,call,4735
2026-12-18,390,put,0
2026-12-18,400,call,6912
2026-12-18,400,put,0
2026-12-18,410,call,2914
2026-12-18,410,put,0
2026-12-18,420,call,4771
2026-12-18,420,put,0
2026-12-18,430,call,914
2026-12-18,430,put,0
2026-12-18,440,call,573
2026-12-18,440,put,0
2026-12-18,450,call,7867
2026-12-18,450,put,0
2026-12-18,455,call,3073
2026-12-18,455,put,0
2026-12-18,460,call,17342
2026-12-18,460,put,0
2027-01-15,5,call,194
2027-01-15,5,put,9183
2027-01-15,10,call,216
2027-01-15,10,put,3238
2027-01-15,15,call,187
2027-01-15,15,put,33276
2027-01-15,20,call,3101
2027-01-15,20,put,12614
2027-01-15,25,call,552
2027-01-15,25,put,17995
2027-01-15,30,call,444
2027-01-15,30,put,2998
2027-01-15,35,call,1867
2027-01-15,35,put,6600
2027-01-15,40,call,602
2027-01-15,40,put,2620
2027-01-15,45,call,1064
2027-01-15,45,put,7258
2027-01-15,50,call,1506
2027-01-15,50,put,12486
2027-01-15,55,call,2412
2027-01-15,55,put,3586
2027-01-15,60,call,2414
2027-01-15,60,put,15920
2027-01-15,65,call,679
2027-01-15,65,put,6219
2027-01-15,70,call,5128
2027-01-15,70,put,13326
2027-01-15,75,call,3331
2027-01-15,75,put,10507
2027-01-15,80,call,14144
2027-01-15,80,put,25963
2027-01-15,85,call,1437
2027-01-15,85,put,13652
2027-01-15,90,call,7583
2027-01-15,90,put,28736
2027-01-15,95,call,3075
2027-01-15,95,put,22468
2027-01-15,100,call,29546
2027-01-15,100,put,185485
2027-01-15,105,call,5468
2027-01-15,105,put,16920
2027-01-15,110,call,3871
2027-01-15,110,put,23084
2027-01-15,115,call,5922
2027-01-15,115,put,20574
2027-01-15,120,call,8989
2027-01-15,120,put,32270
2027-01-15,125,call,6640
2027-01-15,125,put,18589
2027-01-15,130,call,13888
2027-01-15,130,put,27990
2027-01-15,135,call,18215
2027-01-15,135,put,17501
2027-01-15,140,call,11836
2027-01-15,140,put,26681
2027-01-15,145,call,3574
2027-01-15,145,put,22600
2027-01-15,150,call,25575
2027-01-15,150,put,136555
2027-01-15,155,call,7202
2027-01-15,155,put,16083
2027-01-15,160,call,37811
2027-01-15,160,put,27232
2027-01-15,165,call,6807
2027-01-15,165,put,20670
2027-01-15,170,call,14884
2027-01-15,170,put,39602
2027-01-15,175,call,16778
2027-01-15,175,put,23363
2027-01-15,180,call,44789
2027-01-15,180,put,147220
2027-01-15,185,call,14771
2027-01-15,185,put,20667
2027-01-15,190,call,23499
2027-01-15,190,put,42929
2027-01-15,195,call,19324
2027-01-15,195,put,18415
2027-01-15,200,call,286559
2027-01-15,200,put,80358
2027-01-15,205,call,5200
2027-01-15,205,put,17614
2027-01-15,210,call,42233
2027-01-15,210,put,22156
2027-01-15,215,call,12661
2027-01-15,215,put,19081
2027-01-15,220,call,39504
2027-01-15,220,put,19042
2027-01-15,225,call,14364
2027-01-15,225,put,11908
2027-01-15,230,call,44787
2027-01-15,230,put,12566
2027-01-15,235,call,18346
2027-01-15,235,put,5164
2027-01-15,240,call,47188
2027-01-15,240,put,7529
2027-01-15,245,call,13244
2027-01-15,245,put,2564
2027-01-15,250,call,66731
2027-01-15,250,put,2865
2027-01-15,255,call,21462
2027-01-15,255,put,742
2027-01-15,260,call,56929
2027-01-15,260,put,3253
2027-01-15,265,call,13437
2027-01-15,265,put,640
2027-01-15,270,call,29734
2027-01-15,270,put,1627
2027-01-15,275,call,9195
2027-01-15,275,put,1403
2027-01-15,280,call,34733
2027-01-15,280,put,2683
2027-01-15,285,call,12162
2027-01-15,285,put,450
2027-01-15,290,call,40934
2027-01-15,290,put,567
2027-01-15,295,call,5845
2027-01-15,295,put,31
2027-01-15,300,call,67337
2027-01-15,300,put,1670
2027-01-15,310,call,15539
2027-01-15,310,put,1
2027-01-15,320,call,14007
2027-01-15,320,put,1
2027-01-15,330,call,6072
2027-01-15,330,put,0
2027-01-15,340,call,72963
2027-01-15,340,put,0
2027-01-15,350,call,12466
2027-01-15,350,put,0
2027-01-15,360,call,7672
2027-01-15,360,put,0
2027-01-15,370,call,5151
2027-01-15,370,put,0
2027-01-15,380,call,3035
2027-01-15,380,put,0
2027-01-15,390,call,3536
2027-01-15,390,put,0
2027-01-15,400,call,7828
2027-01-15,400,put,0
2027-01-15,410,call,2240
2027-01-15,410,put,0
2027-01-15,420,call,11226
2027-01-15,420,put,0
2027-01-15,430,call,2614
2027-01-15,430,put,0
2027-01-15,440,call,1311
2027-01-15,440,put,0
2027-01-15,450,call,2983
2027-01-15,450,put,0
2027-01-15,455,call,890
2027-01-15,455,put,0
2027-01-15,460,call,33317
2027-01-15,460,put,0
2027-02-19,5,call,0
2027-02-19,5,put,0
2027-02-19,10,call,0
2027-02-19,10,put,1000
2027-02-19,15,call,0
2027-02-19,15,put,0
2027-02-19,20,call,2
2027-02-19,20,put,2
2027-02-19,25,call,0
2027-02-19,25,put,0
2027-02-19,30,call,3
2027-02-19,30,put,1
2027-02-19,35,call,20
2027-02-19,35,put,3
2027-02-19,40,call,3
2027-02-19,40,put,4
2027-02-19,45,call,0
2027-02-19,45,put,5
2027-02-19,50,call,27
2027-02-19,50,put,277
2027-02-19,55,call,1
2027-02-19,55,put,222
2027-02-19,60,call,6
2027-02-19,60,put,179
2027-02-19,65,call,10
2027-02-19,65,put,114
2027-02-19,70,call,10
2027-02-19,70,put,91
2027-02-19,75,call,5
2027-02-19,75,put,496
2027-02-19,80,call,5
2027-02-19,80,put,226
2027-02-19,85,call,7
2027-02-19,85,put,133
2027-02-19,90,call,3
2027-02-19,90,put,166
2027-02-19,95,call,1
2027-02-19,95,put,198
2027-02-19,100,call,34
2027-02-19,100,put,607
2027-02-19,105,call,1
2027-02-19,105,put,155
2027-02-19,110,call,36
2027-02-19,110,put,5453
2027-02-19,115,call,139
2027-02-19,115,put,391
2027-02-19,120,call,77
2027-02-19,120,put,1003
2027-02-19,125,call,11
2027-02-19,125,put,367
2027-02-19,130,call,52
2027-02-19,130,put,677
2027-02-19,135,call,53
2027-02-19,135,put,2083
2027-02-19,140,call,99
2027-02-19,140,put,597
2027-02-19,145,call,148
2027-02-19,145,put,672
2027-02-19,150,call,242
2027-02-19,150,put,3566
2027-02-19,155,call,117
2027-02-19,155,put,4169
2027-02-19,160,call,259
2027-02-19,160,put,4507
2027-02-19,165,call,120
2027-02-19,165,put,6968
2027-02-19,170,call,200
2027-02-19,170,put,4423
2027-02-19,175,call,741
2027-02-19,175,put,5011
2027-02-19,180,call,775
2027-02-19,180,put,8708
2027-02-19,185,call,382
2027-02-19,185,put,8315
2027-02-19,190,call,1335
2027-02-19,190,put,8034
2027-02-19,195,call,326
2027-02-19,195,put,3789
2027-02-19,200,call,2073
2027-02-19,200,put,8244
2027-02-19,205,call,1152
2027-02-19,205,put,3657
2027-02-19,210,call,2338
2027-02-19,210,put,4471
2027-02-19,215,call,2146
2027-02-19,215,put,3656
2027-02-19,220,call,2363
2027-02-19,220,put,2138
2027-02-19,225,call,3641
2027-02-19,225,put,2077
2027-02-19,230,call,6183
2027-02-19,230,put,3751
2027-02-19,235,call,2484
2027-02-19,235,put,921
2027-02-19,240,call,3263
2027-02-19,240,put,1649
2027-02-19,245,call,2225
2027-02-19,245,put,236
2027-02-19,250,call,7983
2027-02-19,250,put,302
2027-02-19,255,call,3311
2027-02-19,255,put,205
2027-02-19,260,call,5482
2027-02-19,260,put,194
2027-02-19,265,call,2967
2027-02-19,265,put,155
2027-02-19,270,call,7466
2027-02-19,270,put,184
2027-02-19,275,call,5105
2027-02-19,275,put,218
2027-02-19,280,call,7226
2027-02-19,280,put,162
2027-02-19,285,call,2837
2027-02-19,285,put,191
2027-02-19,290,call,2162
2027-02-19,290,put,58
2027-02-19,295,call,1084
2027-02-19,295,put,80
2027-02-19,300,call,2476
2027-02-19,300,put,81
2027-02-19,305,call,1469
2027-02-19,305,put,5
2027-02-19,310,call,831
2027-02-19,310,put,8
2027-02-19,315,call,531
2027-02-19,315,put,0
2027-02-19,320,call,1223
2027-02-19,320,put,0
2027-02-19,325,call,572
2027-02-19,325,put,0
2027-02-19,330,call,539
2027-02-19,330,put,0
2027-02-19,335,call,275
2027-02-19,335,put,0
2027-02-19,340,call,971
2027-02-19,340,put,0
2027-02-19,345,call,220
2027-02-19,345,put,0
2027-02-19,350,call,627
2027-02-19,350,put,0
2027-02-19,355,call,562
2027-02-19,355,put,0
2027-02-19,360,call,386
2027-02-19,360,put,0
2027-02-19,365,call,427
2027-02-19,365,put,0
2027-02-19,370,call,401
2027-02-19,370,put,0
2027-02-19,375,call,183
2027-02-19,375,put,0
2027-02-19,380,call,182
2027-02-19,380,put,0
2027-02-19,385,call,237
2027-02-19,385,put,0
2027-02-19,390,call,1335
2027-02-19,390,put,0
2027-02-19,395,call,64
2027-02-19,395,put,0
2027-02-19,400,call,94
2027-02-19,400,put,0
2027-02-19,405,call,148
2027-02-19,405,put,0
2027-02-19,410,call,40
2027-02-19,410,put,0
2027-02-19,415,call,19
2027-02-19,415,put,0
2027-02-19,420,call,122
2027-02-19,420,put,0
2027-02-19,425,call,52
2027-02-19,425,put,0
2027-02-19,430,call,14
2027-02-19,430,put,0
2027-02-19,435,call,1
2027-02-19,435,put,0
2027-02-19,440,call,5
2027-02-19,440,put,0
2027-02-19,445,call,3
2027-02-19,445,put,0
2027-02-19,450,call,6
2027-02-19,450,put,0
2027-02-19,455,call,21
2027-02-19,455,put,0
2027-02-19,460,call,659
2027-02-19,460,put,0
2027-03-19,2.5,call,3
2027-03-19,2.5,put,0
2027-03-19,5,call,94
2027-03-19,5,put,1002
2027-03-19,7.5,call,0
2027-03-19,7.5,put,3021
2027-03-19,10,call,0
2027-03-19,10,put,1000
2027-03-19,12.5,call,0
2027-03-19,12.5,put,0
2027-03-19,15,call,0
2027-03-19,15,put,2
2027-03-19,17.5,call,0
2027-03-19,17.5,put,0
2027-03-19,20,call,0
2027-03-19,20,put,4
2027-03-19,22.5,call,0
2027-03-19,22.5,put,4
2027-03-19,25,call,0
2027-03-19,25,put,8
2027-03-19,30,call,4
2027-03-19,30,put,14
2027-03-19,35,call,2
2027-03-19,35,put,54
2027-03-19,40,call,12
2027-03-19,40,put,7
2027-03-19,45,call,1
2027-03-19,45,put,102
2027-03-19,50,call,56
2027-03-19,50,put,901
2027-03-19,55,call,34
2027-03-19,55,put,404
2027-03-19,60,call,313
2027-03-19,60,put,1005
2027-03-19,65,call,48
2027-03-19,65,put,408
2027-03-19,70,call,321
2027-03-19,70,put,555
2027-03-19,75,call,3460
2027-03-19,75,put,3544
2027-03-19,80,call,74
2027-03-19,80,put,863
2027-03-19,85,call,132
2027-03-19,85,put,317
2027-03-19,90,call,844
2027-03-19,90,put,3303
2027-03-19,95,call,83
2027-03-19,95,put,1156
2027-03-19,100,call,390
2027-03-19,100,put,5341
2027-03-19,105,call,184
2027-03-19,105,put,759
2027-03-19,110,call,508
2027-03-19,110,put,3268
2027-03-19,115,call,415
2027-03-19,115,put,6134
2027-03-19,120,call,601
2027-03-19,120,put,3157
2027-03-19,125,call,428
2027-03-19,125,put,11432
2027-03-19,130,call,657
2027-03-19,130,put,16828
2027-03-19,135,call,293
2027-03-19,135,put,9856
2027-03-19,140,call,571
2027-03-19,140,put,18820
2027-03-19,145,call,331
2027-03-19,145,put,14608
2027-03-19,150,call,1740
2027-03-19,150,put,28289
2027-03-19,155,call,671
2027-03-19,155,put,7915
2027-03-19,160,call,2577
2027-03-19,160,put,23710
2027-03-19,165,call,1425
2027-03-19,165,put,9148
2027-03-19,170,call,4862
2027-03-19,170,put,17144
2027-03-19,175,call,2465
2027-03-19,175,put,9193
2027-03-19,180,call,4347
2027-03-19,180,put,24119
2027-03-19,185,call,2999
2027-03-19,185,put,12003
2027-03-19,190,call,4072
2027-03-19,190,put,16522
2027-03-19,195,call,7815
2027-03-19,195,put,12035
2027-03-19,200,call,32200
2027-03-19,200,put,20730
2027-03-19,205,call,2220
2027-03-19,205,put,13357
2027-03-19,210,call,25022
2027-03-19,210,put,19394
2027-03-19,215,call,10638
2027-03-19,215,put,12823
2027-03-19,220,call,19936
2027-03-19,220,put,7788
2027-03-19,225,call,12442
2027-03-19,225,put,6133
2027-03-19,230,call,13590
2027-03-19,230,put,12339
2027-03-19,235,call,9931
2027-03-19,235,put,2893
2027-03-19,240,call,18155
2027-03-19,240,put,8730
2027-03-19,245,call,6353
2027-03-19,245,put,1710
2027-03-19,250,call,40064
2027-03-19,250,put,976
2027-03-19,255,call,6415
2027-03-19,255,put,753
2027-03-19,260,call,44132
2027-03-19,260,put,1474
2027-03-19,265,call,4826
2027-03-19,265,put,1108
2027-03-19,270,call,16220
2027-03-19,270,put,1121
2027-03-19,275,call,5194
2027-03-19,275,put,742
2027-03-19,280,call,13202
2027-03-19,280,put,2648
2027-03-19,285,call,5724
2027-03-19,285,put,444
2027-03-19,290,call,9922
2027-03-19,290,put,391
2027-03-19,295,call,4066
2027-03-19,295,put,456
2027-03-19,300,call,16901
2027-03-19,300,put,704
2027-03-19,305,call,2252
2027-03-19,305,put,483
2027-03-19,310,call,5991
2027-03-19,310,put,500
2027-03-19,315,call,3591
2027-03-19,315,put,359
2027-03-19,320,call,20401
2027-03-19,320,put,51
2027-03-19,325,call,2057
2027-03-19,325,put,0
2027-03-19,330,call,5180
2027-03-19,330,put,0
2027-03-19,335,call,2671
2027-03-19,335,put,0
2027-03-19,340,call,2110
2027-03-19,340,put,0
2027-03-19,345,call,879
2027-03-19,345,put,0
2027-03-19,350,call,5869
2027-03-19,350,put,0
2027-03-19,355,call,873
2027-03-19,355,put,0
2027-03-19,360,call,2790
2027-03-19,360,put,0
2027-03-19,365,call,304
2027-03-19,365,put,0
2027-03-19,370,call,4390
2027-03-19,370,put,5
2027-03-19,375,call,208
2027-03-19,375,put,0
2027-03-19,380,call,886
2027-03-19,380,put,0
2027-03-19,385,call,612
2027-03-19,385,put,0
2027-03-19,390,call,1012
2027-03-19,390,put,0
2027-03-19,395,call,259
2027-03-19,395,put,0
2027-03-19,400,call,2960
2027-03-19,400,put,0
2027-03-19,405,call,607
2027-03-19,405,put,0
2027-03-19,410,call,1227
2027-03-19,410,put,0
2027-03-19,415,call,125
2027-03-19,415,put,0
2027-03-19,420,call,1196
2027-03-19,420,put,0
2027-03-19,430,call,371
2027-03-19,430,put,0
2027-03-19,440,call,844
2027-03-19,440,put,0
2027-03-19,450,call,515
2027-03-19,450,put,0
2027-03-19,455,call,335
2027-03-19,455,put,0
2027-03-19,460,call,6025
2027-03-19,460,put,0
2027-04-16,5,call,0
2027-04-16,5,put,0
2027-04-16,10,call,0
2027-04-16,10,put,0
2027-04-16,15,call,0
2027-04-16,15,put,0
2027-04-16,20,call,0
2027-04-16,20,put,0
2027-04-16,25,call,0
2027-04-16,25,put,0
2027-04-16,30,call,0
2027-04-16,30,put,0
2027-04-16,35,call,0
2027-04-16,35,put,5
2027-04-16,40,call,0
2027-04-16,40,put,2
2027-04-16,45,call,0
2027-04-16,45,put,9
2027-04-16,50,call,1
2027-04-16,50,put,21
2027-04-16,55,call,0
2027-04-16,55,put,2
2027-04-16,60,call,1
2027-04-16,60,put,42
2027-04-16,65,call,1
2027-04-16,65,put,57
2027-04-16,70,call,1
2027-04-16,70,put,3
2027-04-16,75,call,0
2027-04-16,75,put,276
2027-04-16,80,call,0
2027-04-16,80,put,61
2027-04-16,85,call,0
2027-04-16,85,put,35
2027-04-16,90,call,1
2027-04-16,90,put,179
2027-04-16,95,call,1
2027-04-16,95,put,218
2027-04-16,100,call,5
2027-04-16,100,put,1303
2027-04-16,105,call,0
2027-04-16,105,put,15
2027-04-16,110,call,21
2027-04-16,110,put,31
2027-04-16,115,call,4
2027-04-16,115,put,20
2027-04-16,120,call,5
2027-04-16,120,put,66
2027-04-16,125,call,0
2027-04-16,125,put,26
2027-04-16,130,call,6
2027-04-16,130,put,247
2027-04-16,135,call,0
2027-04-16,135,put,132
2027-04-16,140,call,9
2027-04-16,140,put,630
2027-04-16,145,call,11
2027-04-16,145,put,535
2027-04-16,150,call,63
2027-04-16,150,put,1881
2027-04-16,155,call,7
2027-04-16,155,put,116
2027-04-16,160,call,26
2027-04-16,160,put,346
2027-04-16,165,call,13
2027-04-16,165,put,730
2027-04-16,170,call,32
2027-04-16,170,put,699
2027-04-16,175,call,14
2027-04-16,175,put,4031
2027-04-16,180,call,28
2027-04-16,180,put,7224
2027-04-16,185,call,25
2027-04-16,185,put,1270
2027-04-16,190,call,40
2027-04-16,190,put,2189
2027-04-16,195,call,238
2027-04-16,195,put,514
2027-04-16,200,call,210
2027-04-16,200,put,1073
2027-04-16,205,call,62
2027-04-16,205,put,777
2027-04-16,210,call,239
2027-04-16,210,put,1993
2027-04-16,215,call,1853
2027-04-16,215,put,260
2027-04-16,220,call,303
2027-04-16,220,put,236
2027-04-16,225,call,319
2027-04-16,225,put,184
2027-04-16,230,call,4452
2027-04-16,230,put,855
2027-04-16,235,call,715
2027-04-16,235,put,434
2027-04-16,240,call,743
2027-04-16,240,put,264
2027-04-16,245,call,167
2027-04-16,245,put,12
2027-04-16,250,call,381
2027-04-16,250,put,62
2027-04-16,255,call,205
2027-04-16,255,put,125
2027-04-16,260,call,676
2027-04-16,260,put,404
2027-04-16,265,call,94
2027-04-16,265,put,1
2027-04-16,270,call,257
2027-04-16,270,put,8
2027-04-16,275,call,395
2027-04-16,275,put,5
2027-04-16,280,call,183
2027-04-16,280,put,23
2027-04-16,285,call,374
2027-04-16,285,put,10
2027-04-16,290,call,1548
2027-04-16,290,put,48
2027-04-16,295,call,235
2027-04-16,295,put,29
2027-04-16,300,call,1484
2027-04-16,300,put,54
2027-04-16,305,call,676
2027-04-16,305,put,7
2027-04-16,310,call,139
2027-04-16,310,put,17
2027-04-16,315,call,24
2027-04-16,315,put,0
2027-04-16,320,call,184
2027-04-16,320,put,0
2027-04-16,325,call,40
2027-04-16,325,put,0
2027-04-16,330,call,65
2027-04-16,330,put,0
2027-04-16,335,call,18
2027-04-16,335,put,0
2027-04-16,340,call,65
2027-04-16,340,put,0
2027-04-16,345,call,3
2027-04-16,345,put,0
2027-04-16,350,call,960
2027-04-16,350,put,0
2027-04-16,355,call,12
2027-04-16,355,put,0
2027-04-16,360,call,85
2027-04-16,360,put,0
2027-04-16,365,call,149
2027-04-16,365,put,0
2027-04-16,370,call,29
2027-04-16,370,put,0
2027-04-16,375,call,54
2027-04-16,375,put,0
2027-04-16,380,call,15
2027-04-16,380,put,0
2027-04-16,385,call,23
2027-04-16,385,put,0
2027-04-16,390,call,52
2027-04-16,390,put,0
2027-04-16,395,call,52
2027-04-16,395,put,0
2027-04-16,400,call,150
2027-04-16,400,put,0
2027-04-16,405,call,19
2027-04-16,405,put,0
2027-04-16,410,call,110
2027-04-16,410,put,0
2027-04-16,415,call,19
2027-04-16,415,put,0
2027-04-16,420,call,51
2027-04-16,420,put,0
2027-04-16,425,call,55
2027-04-16,425,put,0
2027-04-16,430,call,39
2027-04-16,430,put,0
2027-04-16,435,call,191
2027-04-16,435,put,0
2027-04-16,440,call,40
2027-04-16,440,put,0
2027-06-17,5,call,11
2027-06-17,5,put,5084
2027-06-17,10,call,162
2027-06-17,10,put,254
2027-06-17,15,call,380
2027-06-17,15,put,418
2027-06-17,20,call,966
2027-06-17,20,put,537
2027-06-17,25,call,388
2027-06-17,25,put,855
2027-06-17,30,call,286
2027-06-17,30,put,11292
2027-06-17,35,call,828
2027-06-17,35,put,665
2027-06-17,40,call,297
2027-06-17,40,put,1252
2027-06-17,45,call,216
2027-06-17,45,put,1377
2027-06-17,50,call,466
2027-06-17,50,put,5035
2027-06-17,55,call,767
2027-06-17,55,put,2657
2027-06-17,60,call,315
2027-06-17,60,put,1572
2027-06-17,65,call,843
2027-06-17,65,put,1096
2027-06-17,70,call,377
2027-06-17,70,put,3648
2027-06-17,75,call,481
2027-06-17,75,put,8780
2027-06-17,80,call,855
2027-06-17,80,put,8017
2027-06-17,85,call,616
2027-06-17,85,put,9045
2027-06-17,90,call,741
2027-06-17,90,put,3337
2027-06-17,95,call,517
2027-06-17,95,put,4079
2027-06-17,100,call,5484
2027-06-17,100,put,19942
2027-06-17,105,call,16394
2027-06-17,105,put,6180
2027-06-17,110,call,7630
2027-06-17,110,put,9579
2027-06-17,115,call,1073
2027-06-17,115,put,9221
2027-06-17,120,call,3239
2027-06-17,120,put,21201
2027-06-17,125,call,1551
2027-06-17,125,put,18406
2027-06-17,130,call,2221
2027-06-17,130,put,17455
2027-06-17,135,call,8706
2027-06-17,135,put,7461
2027-06-17,140,call,3638
2027-06-17,140,put,144501
2027-06-17,145,call,1011
2027-06-17,145,put,9204
2027-06-17,150,call,9839
2027-06-17,150,put,49900
2027-06-17,155,call,3518
2027-06-17,155,put,9682
2027-06-17,160,call,7316
2027-06-17,160,put,26019
2027-06-17,165,call,2813
2027-06-17,165,put,9787
2027-06-17,170,call,7435
2027-06-17,170,put,16299
2027-06-17,175,call,6856
2027-06-17,175,put,13799
2027-06-17,180,call,12133
2027-06-17,180,put,30689
2027-06-17,185,call,5063
2027-06-17,185,put,11148
2027-06-17,190,call,11009
2027-06-17,190,put,23502
2027-06-17,195,call,6439
2027-06-17,195,put,12912
2027-06-17,200,call,22252
2027-06-17,200,put,21044
2027-06-17,205,call,21839
2027-06-17,205,put,11230
2027-06-17,210,call,9179
2027-06-17,210,put,13522
2027-06-17,215,call,10013
2027-06-17,215,put,3325
2027-06-17,220,call,19038
2027-06-17,220,put,10598
2027-06-17,225,call,7724
2027-06-17,225,put,5305
2027-06-17,230,call,20891
2027-06-17,230,put,5575
2027-06-17,235,call,4311
2027-06-17,235,put,3487
2027-06-17,240,call,10614
2027-06-17,240,put,6111
2027-06-17,245,call,4521
2027-06-17,245,put,1458
2027-06-17,250,call,23818
2027-06-17,250,put,2612
2027-06-17,255,call,4199
2027-06-17,255,put,946
2027-06-17,260,call,30553
2027-06-17,260,put,2298
2027-06-17,265,call,8493
2027-06-17,265,put,523
2027-06-17,270,call,9229
2027-06-17,270,put,2104
2027-06-17,275,call,4262
2027-06-17,275,put,494
2027-06-17,280,call,7321
2027-06-17,280,put,3002
2027-06-17,285,call,2655
2027-06-17,285,put,627
2027-06-17,290,call,10180
2027-06-17,290,put,1249
2027-06-17,295,call,4106
2027-06-17,295,put,288
2027-06-17,300,call,31585
2027-06-17,300,put,1831
2027-06-17,310,call,4775
2027-06-17,310,put,734
2027-06-17,320,call,10335
2027-06-17,320,put,558
2027-06-17,330,call,3898
2027-06-17,330,put,195
2027-06-17,340,call,3707
2027-06-17,340,put,5
2027-06-17,350,call,11209
2027-06-17,350,put,0
2027-06-17,360,call,4474
2027-06-17,360,put,0
2027-06-17,370,call,5240
2027-06-17,370,put,0
2027-06-17,380,call,4199
2027-06-17,380,put,0
2027-06-17,390,call,1135
2027-06-17,390,put,0
2027-06-17,400,call,4148
2027-06-17,400,put,0
2027-06-17,410,call,914
2027-06-17,410,put,0
2027-06-17,420,call,9513
2027-06-17,420,put,0
2027-06-17,430,call,524
2027-06-17,430,put,0
2027-06-17,440,call,882
2027-06-17,440,put,0
2027-06-17,450,call,1789
2027-06-17,450,put,0
2027-06-17,455,call,286
2027-06-17,455,put,0
2027-06-17,460,call,7476
2027-06-17,460,put,0
2027-09-17,5,call,0
2027-09-17,5,put,10
2027-09-17,10,call,0
2027-09-17,10,put,0
2027-09-17,15,call,0
2027-09-17,15,put,0
2027-09-17,20,call,2
2027-09-17,20,put,3
2027-09-17,25,call,0
2027-09-17,25,put,1
2027-09-17,30,call,0
2027-09-17,30,put,0
2027-09-17,35,call,0
2027-09-17,35,put,2
2027-09-17,40,call,0
2027-09-17,40,put,59
2027-09-17,45,call,0
2027-09-17,45,put,1
2027-09-17,50,call,1
2027-09-17,50,put,68
2027-09-17,55,call,270
2027-09-17,55,put,2932
2027-09-17,60,call,105
2027-09-17,60,put,364
2027-09-17,65,call,82
2027-09-17,65,put,256
2027-09-17,70,call,119
2027-09-17,70,put,603
2027-09-17,75,call,167
2027-09-17,75,put,170
2027-09-17,80,call,132
2027-09-17,80,put,341
2027-09-17,85,call,179
2027-09-17,85,put,404
2027-09-17,90,call,216
2027-09-17,90,put,816
2027-09-17,95,call,116
2027-09-17,95,put,870
2027-09-17,100,call,419
2027-09-17,100,put,2670
2027-09-17,105,call,176
2027-09-17,105,put,717
2027-09-17,110,call,578
2027-09-17,110,put,1271
2027-09-17,115,call,443
2027-09-17,115,put,950
2027-09-17,120,call,509
2027-09-17,120,put,2673
2027-09-17,125,call,436
2027-09-17,125,put,3896
2027-09-17,130,call,639
2027-09-17,130,put,4340
2027-09-17,135,call,740
2027-09-17,135,put,2537
2027-09-17,140,call,1827
2027-09-17,140,put,5933
2027-09-17,145,call,519
2027-09-17,145,put,4782
2027-09-17,150,call,2092
2027-09-17,150,put,13753
2027-09-17,155,call,603
2027-09-17,155,put,2522
2027-09-17,160,call,1528
2027-09-17,160,put,5227
2027-09-17,165,call,527
2027-09-17,165,put,2123
2027-09-17,170,call,726
2027-09-17,170,put,4514
2027-09-17,175,call,880
2027-09-17,175,put,3684
2027-09-17,180,call,1178
2027-09-17,180,put,9884
2027-09-17,185,call,870
2027-09-17,185,put,4251
2027-09-17,190,call,1626
2027-09-17,190,put,7225
2027-09-17,195,call,1185
2027-09-17,195,put,3214
2027-09-17,200,call,3718
2027-09-17,200,put,10064
2027-09-17,205,call,2171
2027-09-17,205,put,4112
2027-09-17,210,call,3351
2027-09-17,210,put,2997
2027-09-17,215,call,1990
2027-09-17,215,put,2905
2027-09-17,220,call,4900
2027-09-17,220,put,3796
2027-09-17,225,call,9729
2027-09-17,225,put,4673
2027-09-17,230,call,7233
2027-09-17,230,put,5638
2027-09-17,235,call,1880
2027-09-17,235,put,1474
2027-09-17,240,call,4471
2027-09-17,240,put,1710
2027-09-17,245,call,1542
2027-09-17,245,put,974
2027-09-17,250,call,5643
2027-09-17,250,put,1541
2027-09-17,255,call,1898
2027-09-17,255,put,364
2027-09-17,260,call,4059
2027-09-17,260,put,225
2027-09-17,265,call,1917
2027-09-17,265,put,126
2027-09-17,270,call,3186
2027-09-17,270,put,241
2027-09-17,275,call,2025
2027-09-17,275,put,122
2027-09-17,280,call,3479
2027-09-17,280,put,600
2027-09-17,285,call,2102
2027-09-17,285,put,120
2027-09-17,290,call,2220
2027-09-17,290,put,198
2027-09-17,295,call,1594
2027-09-17,295,put,956
2027-09-17,300,call,6608
2027-09-17,300,put,1046
2027-09-17,310,call,2846
2027-09-17,310,put,905
2027-09-17,320,call,2921
2027-09-17,320,put,2751
2027-09-17,330,call,1766
2027-09-17,330,put,1327
2027-09-17,340,call,2550
2027-09-17,340,put,43
2027-09-17,350,call,1792
2027-09-17,350,put,3
2027-09-17,360,call,647
2027-09-17,360,put,0
2027-09-17,370,call,6720
2027-09-17,370,put,0
2027-09-17,380,call,640
2027-09-17,380,put,0
2027-09-17,390,call,870
2027-09-17,390,put,0
2027-09-17,400,call,1645
2027-09-17,400,put,0
2027-09-17,410,call,286
2027-09-17,410,put,0
2027-09-17,420,call,865
2027-09-17,420,put,0
2027-09-17,430,call,248
2027-09-17,430,put,0
2027-09-17,440,call,323
2027-09-17,440,put,0
2027-09-17,450,call,1617
2027-09-17,450,put,0
2027-09-17,455,call,364
2027-09-17,455,put,0
2027-09-17,460,call,2111
2027-09-17,460,put,0
2027-12-17,5,call,15777
2027-12-17,5,put,30609
2027-12-17,10,call,323
2027-12-17,10,put,1510
2027-12-17,15,call,439
2027-12-17,15,put,24087
2027-12-17,20,call,1054
2027-12-17,20,put,2798
2027-12-17,25,call,705
2027-12-17,25,put,1307
2027-12-17,30,call,717
2027-12-17,30,put,1022
2027-12-17,35,call,1086
2027-12-17,35,put,2228
2027-12-17,40,call,801
2027-12-17,40,put,4757
2027-12-17,45,call,601
2027-12-17,45,put,5057
2027-12-17,50,call,1153
2027-12-17,50,put,10162
2027-12-17,55,call,1415
2027-12-17,55,put,4170
2027-12-17,60,call,1518
2027-12-17,60,put,17949
2027-12-17,65,call,815
2027-12-17,65,put,1142
2027-12-17,70,call,4047
2027-12-17,70,put,7963
2027-12-17,75,call,1742
2027-12-17,75,put,10841
2027-12-17,80,call,2068
2027-12-17,80,put,8931
2027-12-17,85,call,973
2027-12-17,85,put,9529
2027-12-17,90,call,3435
2027-12-17,90,put,25648
2027-12-17,95,call,4275
2027-12-17,95,put,4386
2027-12-17,100,call,15765
2027-12-17,100,put,23738
2027-12-17,105,call,7169
2027-12-17,105,put,2909
2027-12-17,110,call,9612
2027-12-17,110,put,12128
2027-12-17,115,call,3664
2027-12-17,115,put,6099
2027-12-17,120,call,7957
2027-12-17,120,put,18116
2027-12-17,125,call,3948
2027-12-17,125,put,9600
2027-12-17,130,call,7393
2027-12-17,130,put,5308
2027-12-17,135,call,4178
2027-12-17,135,put,4404
2027-12-17,140,call,5076
2027-12-17,140,put,16118
2027-12-17,145,call,4937
2027-12-17,145,put,1909
2027-12-17,150,call,13369
2027-12-17,150,put,16506
2027-12-17,155,call,9121
2027-12-17,155,put,4531
2027-12-17,160,call,4330
2027-12-17,160,put,5325
2027-12-17,165,call,1871
2027-12-17,165,put,3859
2027-12-17,170,call,4460
2027-12-17,170,put,9329
2027-12-17,175,call,5642
2027-12-17,175,put,3988
2027-12-17,180,call,7278
2027-12-17,180,put,4703
2027-12-17,185,call,4871
2027-12-17,185,put,2942
2027-12-17,190,call,6757
2027-12-17,190,put,5090
2027-12-17,195,call,4588
2027-12-17,195,put,3658
2027-12-17,200,call,37128
2027-12-17,200,put,7021
2027-12-17,205,call,907
2027-12-17,205,put,1694
2027-12-17,210,call,22568
2027-12-17,210,put,4246
2027-12-17,215,call,6288
2027-12-17,215,put,3658
2027-12-17,220,call,9299
2027-12-17,220,put,9553
2027-12-17,225,call,4739
2027-12-17,225,put,4178
2027-12-17,230,call,17999
2027-12-17,230,put,3531
2027-12-17,235,call,925
2027-12-17,235,put,1686
2027-12-17,240,call,9505
2027-12-17,240,put,5909
2027-12-17,245,call,482
2027-12-17,245,put,718
2027-12-17,250,call,9482
2027-12-17,250,put,1980
2027-12-17,255,call,1530
2027-12-17,255,put,785
2027-12-17,260,call,6575
2027-12-17,260,put,3104
2027-12-17,265,call,1547
2027-12-17,265,put,91
2027-12-17,270,call,9277
2027-12-17,270,put,1848
2027-12-17,275,call,1594
2027-12-17,275,put,67
2027-12-17,280,call,7422
2027-12-17,280,put,783
2027-12-17,285,call,2710
2027-12-17,285,put,41
2027-12-17,290,call,5702
2027-12-17,290,put,1020
2027-12-17,295,call,2059
2027-12-17,295,put,603
2027-12-17,300,call,15184
2027-12-17,300,put,1641
2027-12-17,310,call,4167
2027-12-17,310,put,3294
2027-12-17,320,call,5047
2027-12-17,320,put,3083
2027-12-17,330,call,5183
2027-12-17,330,put,2639
2027-12-17,340,call,4828
2027-12-17,340,put,3831
2027-12-17,350,call,12344
2027-12-17,350,put,563
2027-12-17,360,call,10008
2027-12-17,360,put,175
2027-12-17,380,call,1565
2027-12-17,380,put,0
2027-12-17,390,call,4508
2027-12-17,390,put,0
2027-12-17,400,call,3475
2027-12-17,400,put,1
2027-12-17,410,call,915
2027-12-17,410,put,0
2027-12-17,420,call,4565
2027-12-17,420,put,0
2027-12-17,430,call,638
2027-12-17,430,put,0
2027-12-17,440,call,486
2027-12-17,440,put,0
2027-12-17,450,call,541
2027-12-17,450,put,0
2027-12-17,455,call,535
2027-12-17,455,put,0
2027-12-17,460,call,3702
2027-12-17,460,put,0
2028-01-21,5,call,1602
2028-01-21,5,put,6940
2028-01-21,10,call,290
2028-01-21,10,put,5948
2028-01-21,15,call,107
2028-01-21,15,put,1857
2028-01-21,20,call,3076
2028-01-21,20,put,2750
2028-01-21,25,call,789
2028-01-21,25,put,527
2028-01-21,30,call,490
2028-01-21,30,put,766
2028-01-21,35,call,498
2028-01-21,35,put,624
2028-01-21,40,call,244
2028-01-21,40,put,829
2028-01-21,45,call,141
2028-01-21,45,put,4115
2028-01-21,50,call,421
2028-01-21,50,put,7283
2028-01-21,55,call,334
2028-01-21,55,put,361
2028-01-21,60,call,280
2028-01-21,60,put,1782
2028-01-21,65,call,684
2028-01-21,65,put,374
2028-01-21,70,call,422
2028-01-21,70,put,1570
2028-01-21,75,call,367
2028-01-21,75,put,1588
2028-01-21,80,call,800
2028-01-21,80,put,8939
2028-01-21,85,call,428
2028-01-21,85,put,708
2028-01-21,90,call,1749
2028-01-21,90,put,2307
2028-01-21,95,call,201
2028-01-21,95,put,1710
2028-01-21,100,call,3146
2028-01-21,100,put,9211
2028-01-21,105,call,1021
2028-01-21,105,put,4527
2028-01-21,110,call,695
2028-01-21,110,put,7820
2028-01-21,115,call,921
2028-01-21,115,put,3349
2028-01-21,120,call,1986
2028-01-21,120,put,10239
2028-01-21,125,call,602
2028-01-21,125,put,11645
2028-01-21,130,call,2289
2028-01-21,130,put,11652
2028-01-21,135,call,827
2028-01-21,135,put,5189
2028-01-21,140,call,4014
2028-01-21,140,put,22486
2028-01-21,145,call,1561
2028-01-21,145,put,8950
2028-01-21,150,call,6043
2028-01-21,150,put,27098
2028-01-21,155,call,971
2028-01-21,155,put,5695
2028-01-21,160,call,2320
2028-01-21,160,put,6036
2028-01-21,165,call,1349
2028-01-21,165,put,9024
2028-01-21,170,call,4958
2028-01-21,170,put,5036
2028-01-21,175,call,8233
2028-01-21,175,put,7943
2028-01-21,180,call,14041
2028-01-21,180,put,21658
2028-01-21,185,call,9340
2028-01-21,185,put,8701
2028-01-21,190,call,8663
2028-01-21,190,put,13236
2028-01-21,195,call,6963
2028-01-21,195,put,4152
2028-01-21,200,call,28049
2028-01-21,200,put,28934
2028-01-21,205,call,1025
2028-01-21,205,put,6531
2028-01-21,210,call,9653
2028-01-21,210,put,6154
2028-01-21,215,call,1593
2028-01-21,215,put,6625
2028-01-21,220,call,9869
2028-01-21,220,put,7889
2028-01-21,225,call,5872
2028-01-21,225,put,2231
2028-01-21,230,call,15874
2028-01-21,230,put,7073
2028-01-21,235,call,1542
2028-01-21,235,put,3111
2028-01-21,240,call,10548
2028-01-21,240,put,1081
2028-01-21,245,call,2764
2028-01-21,245,put,848
2028-01-21,250,call,36707
2028-01-21,250,put,2577
2028-01-21,255,call,1130
2028-01-21,255,put,489
2028-01-21,260,call,10094
2028-01-21,260,put,3930
2028-01-21,265,call,1616
2028-01-21,265,put,339
2028-01-21,270,call,8865
2028-01-21,270,put,591
2028-01-21,275,call,1465
2028-01-21,275,put,229
2028-01-21,280,call,9470
2028-01-21,280,put,1411
2028-01-21,285,call,1183
2028-01-21,285,put,491
2028-01-21,290,call,5264
2028-01-21,290,put,335
2028-01-21,295,call,4131
2028-01-21,295,put,205
2028-01-21,300,call,101087
2028-01-21,300,put,1474
2028-01-21,310,call,10886
2028-01-21,310,put,971
2028-01-21,320,call,6879
2028-01-21,320,put,795
2028-01-21,330,call,4565
2028-01-21,330,put,1423
2028-01-21,340,call,3179
2028-01-21,340,put,1030
2028-01-21,350,call,31145
2028-01-21,350,put,616
2028-01-21,360,call,7986
2028-01-21,360,put,117
2028-01-21,370,call,5424
2028-01-21,370,put,45
2028-01-21,380,call,9896
2028-01-21,380,put,7
2028-01-21,390,call,8132
2028-01-21,390,put,2
2028-01-21,400,call,51439
2028-01-21,400,put,0
2028-01-21,410,call,21594
2028-01-21,410,put,0
2028-01-21,420,call,21572
2028-01-21,420,put,0
2028-01-21,430,call,2028
2028-01-21,430,put,0
2028-01-21,440,call,3072
2028-01-21,440,put,0
2028-01-21,450,call,11009
2028-01-21,450,put,0
2028-01-21,455,call,358
2028-01-21,455,put,0
2028-01-21,460,call,25479
2028-01-21,460,put,0
2028-06-16,5,call,178
2028-06-16,5,put,1
2028-06-16,10,call,2
2028-06-16,10,put,115
2028-06-16,15,call,5
2028-06-16,15,put,261
2028-06-16,20,call,115
2028-06-16,20,put,408
2028-06-16,25,call,115
2028-06-16,25,put,8
2028-06-16,30,call,65
2028-06-16,30,put,11
2028-06-16,35,call,30
2028-06-16,35,put,20
2028-06-16,40,call,101
2028-06-16,40,put,745
2028-06-16,45,call,235
2028-06-16,45,put,298
2028-06-16,50,call,261
2028-06-16,50,put,221
2028-06-16,55,call,335
2028-06-16,55,put,723
2028-06-16,60,call,308
2028-06-16,60,put,258
2028-06-16,65,call,449
2028-06-16,65,put,30
2028-06-16,70,call,313
2028-06-16,70,put,859
2028-06-16,75,call,329
2028-06-16,75,put,1222
2028-06-16,80,call,595
2028-06-16,80,put,693
2028-06-16,85,call,301
2028-06-16,85,put,834
2028-06-16,90,call,532
2028-06-16,90,put,3144
2028-06-16,95,call,233
2028-06-16,95,put,901
2028-06-16,100,call,468
2028-06-16,100,put,2316
2028-06-16,105,call,219
2028-06-16,105,put,942
2028-06-16,110,call,617
2028-06-16,110,put,1482
2028-06-16,115,call,269
2028-06-16,115,put,308
2028-06-16,120,call,336
2028-06-16,120,put,4118
2028-06-16,125,call,603
2028-06-16,125,put,2298
2028-06-16,130,call,522
2028-06-16,130,put,3346
2028-06-16,135,call,578
2028-06-16,135,put,3373
2028-06-16,140,call,475
2028-06-16,140,put,963
2028-06-16,145,call,185
2028-06-16,145,put,963
2028-06-16,150,call,486
2028-06-16,150,put,6358
2028-06-16,155,call,285
2028-06-16,155,put,6823
2028-06-16,160,call,324
2028-06-16,160,put,5690
2028-06-16,165,call,380
2028-06-16,165,put,1025
2028-06-16,170,call,779
2028-06-16,170,put,9226
2028-06-16,175,call,422
2028-06-16,175,put,1127
2028-06-16,180,call,514
2028-06-16,180,put,3046
2028-06-16,185,call,474
2028-06-16,185,put,1497
2028-06-16,190,call,646
2028-06-16,190,put,3673
2028-06-16,195,call,506
2028-06-16,195,put,2836
2028-06-16,200,call,1117
2028-06-16,200,put,6926
2028-06-16,205,call,560
2028-06-16,205,put,1232
2028-06-16,210,call,1404
2028-06-16,210,put,1647
2028-06-16,215,call,4352
2028-06-16,215,put,925
2028-06-16,220,call,4143
2028-06-16,220,put,6377
2028-06-16,225,call,1886
2028-06-16,225,put,829
2028-06-16,230,call,2749
2028-06-16,230,put,4412
2028-06-16,235,call,563
2028-06-16,235,put,2738
2028-06-16,240,call,1768
2028-06-16,240,put,256
2028-06-16,245,call,1323
2028-06-16,245,put,56
2028-06-16,250,call,5329
2028-06-16,250,put,202
2028-06-16,255,call,932
2028-06-16,255,put,329
2028-06-16,260,call,1559
2028-06-16,260,put,168
2028-06-16,265,call,1026
2028-06-16,265,put,350
2028-06-16,270,call,472
2028-06-16,270,put,901
2028-06-16,275,call,737
2028-06-16,275,put,855
2028-06-16,280,call,378
2028-06-16,280,put,2863
2028-06-16,285,call,456
2028-06-16,285,put,2029
2028-06-16,290,call,1064
2028-06-16,290,put,247
2028-06-16,295,call,395
2028-06-16,295,put,66
2028-06-16,300,call,5857
2028-06-16,300,put,232
2028-06-16,305,call,399
2028-06-16,305,put,87
2028-06-16,310,call,2336
2028-06-16,310,put,62
2028-06-16,315,call,196
2028-06-16,315,put,100
2028-06-16,320,call,451
2028-06-16,320,put,385
2028-06-16,325,call,574
2028-06-16,325,put,113
2028-06-16,330,call,2758
2028-06-16,330,put,253
2028-06-16,335,call,318
2028-06-16,335,put,398
2028-06-16,340,call,641
2028-06-16,340,put,269
2028-06-16,345,call,352
2028-06-16,345,put,29
2028-06-16,350,call,7744
2028-06-16,350,put,152
2028-06-16,360,call,848
2028-06-16,360,put,80
2028-06-16,370,call,499
2028-06-16,370,put,32
2028-06-16,380,call,1849
2028-06-16,380,put,17
2028-06-16,390,call,686
2028-06-16,390,put,0
2028-06-16,400,call,4937
2028-06-16,400,put,0
2028-06-16,410,call,639
2028-06-16,410,put,0
2028-06-16,420,call,396
2028-06-16,420,put,0
2028-06-16,430,call,2561
2028-06-16,430,put,0
2028-06-16,440,call,258
2028-06-16,440,put,0
2028-06-16,450,call,1565
2028-06-16,450,put,0
2028-06-16,460,call,5077
2028-06-16,460,put,0
2028-12-15,5,call,638
2028-12-15,5,put,5841
2028-12-15,10,call,111
2028-12-15,10,put,3367
2028-12-15,15,call,122
2028-12-15,15,put,4074
2028-12-15,20,call,1396
2028-12-15,20,put,2666
2028-12-15,25,call,720
2028-12-15,25,put,952
2028-12-15,30,call,777
2028-12-15,30,put,1619
2028-12-15,35,call,1042
2028-12-15,35,put,522
2028-12-15,40,call,466
2028-12-15,40,put,379
2028-12-15,45,call,1093
2028-12-15,45,put,197
2028-12-15,50,call,724
2028-12-15,50,put,3743
2028-12-15,55,call,963
2028-12-15,55,put,348
2028-12-15,60,call,1931
2028-12-15,60,put,445
2028-12-15,65,call,912
2028-12-15,65,put,411
2028-12-15,70,call,1234
2028-12-15,70,put,711
2028-12-15,75,call,1699
2028-12-15,75,put,1433
2028-12-15,80,call,1699
2028-12-15,80,put,1675
2028-12-15,85,call,691
2028-12-15,85,put,1054
2028-12-15,90,call,5703
2028-12-15,90,put,1506
2028-12-15,95,call,2471
2028-12-15,95,put,1840
2028-12-15,100,call,5501
2028-12-15,100,put,5803
2028-12-15,105,call,910
2028-12-15,105,put,2037
2028-12-15,110,call,994
2028-12-15,110,put,3415
2028-12-15,115,call,704
2028-12-15,115,put,5062
2028-12-15,120,call,6179
2028-12-15,120,put,10273
2028-12-15,125,call,602
2028-12-15,125,put,2084
2028-12-15,130,call,2957
2028-12-15,130,put,16288
2028-12-15,135,call,608
2028-12-15,135,put,2739
2028-12-15,140,call,5585
2028-12-15,140,put,4690
2028-12-15,145,call,1367
2028-12-15,145,put,3094
2028-12-15,150,call,3754
2028-12-15,150,put,20982
2028-12-15,155,call,1072
2028-12-15,155,put,4915
2028-12-15,160,call,2835
2028-12-15,160,put,4120
2028-12-15,165,call,1343
2028-12-15,165,put,5418
2028-12-15,170,call,4108
2028-12-15,170,put,13238
2028-12-15,175,call,2475
2028-12-15,175,put,4868
2028-12-15,180,call,5309
2028-12-15,180,put,14411
2028-12-15,185,call,6080
2028-12-15,185,put,7677
2028-12-15,190,call,5558
2028-12-15,190,put,5523
2028-12-15,195,call,2387
2028-12-15,195,put,5794
2028-12-15,200,call,28553
2028-12-15,200,put,11333
2028-12-15,205,call,3500
2028-12-15,205,put,2954
2028-12-15,210,call,7353
2028-12-15,210,put,4599
2028-12-15,215,call,2891
2028-12-15,215,put,1129
2028-12-15,220,call,14309
2028-12-15,220,put,5274
2028-12-15,225,call,8065
2028-12-15,225,put,1496
2028-12-15,230,call,7611
2028-12-15,230,put,4162
2028-12-15,235,call,3235
2028-12-15,235,put,790
2028-12-15,240,call,4510
2028-12-15,240,put,1052
2028-12-15,245,call,1714
2028-12-15,245,put,1773
2028-12-15,250,call,20010
2028-12-15,250,put,4274
2028-12-15,255,call,1640
2028-12-15,255,put,435
2028-12-15,260,call,4905
2028-12-15,260,put,2351
2028-12-15,265,call,956
2028-12-15,265,put,209
2028-12-15,270,call,3126
2028-12-15,270,put,989
2028-12-15,275,call,2617
2028-12-15,275,put,460
2028-12-15,280,call,4795
2028-12-15,280,put,1546
2028-12-15,285,call,2017
2028-12-15,285,put,344
2028-12-15,290,call,6642
2028-12-15,290,put,1336
2028-12-15,295,call,839
2028-12-15,295,put,418
2028-12-15,300,call,18748
2028-12-15,300,put,6459
2028-12-15,310,call,3909
2028-12-15,310,put,1114
2028-12-15,320,call,2139
2028-12-15,320,put,956
2028-12-15,330,call,8871
2028-12-15,330,put,4087
2028-12-15,340,call,8830
2028-12-15,340,put,879
2028-12-15,350,call,7681
2028-12-15,350,put,6571
2028-12-15,360,call,3580
2028-12-15,360,put,7416
2028-12-15,370,call,5455
2028-12-15,370,put,1064
2028-12-15,380,call,17607
2028-12-15,380,put,1465
2028-12-15,390,call,422
2028-12-15,390,put,2564
2028-12-15,400,call,10275
2028-12-15,400,put,1688
2028-12-15,410,call,997
2028-12-15,410,put,6
2028-12-15,420,call,9222
2028-12-15,420,put,1
2028-12-15,430,call,348
2028-12-15,430,put,0
2028-12-15,440,call,4194
2028-12-15,440,put,0
2028-12-15,450,call,7156
2028-12-15,450,put,0
2028-12-15,460,call,23971
2028-12-15,460,put,0
2029-01-19,5,call,307
2029-01-19,5,put,291
2029-01-19,10,call,2
2029-01-19,10,put,5
2029-01-19,15,call,0
2029-01-19,15,put,0
2029-01-19,20,call,14
2029-01-19,20,put,1
2029-01-19,25,call,170
2029-01-19,25,put,0
2029-01-19,30,call,2
2029-01-19,30,put,8
2029-01-19,35,call,0
2029-01-19,35,put,0
2029-01-19,40,call,70
2029-01-19,40,put,295
2029-01-19,45,call,15
2029-01-19,45,put,0
2029-01-19,50,call,13
2029-01-19,50,put,138
2029-01-19,55,call,40
2029-01-19,55,put,25
2029-01-19,60,call,9
2029-01-19,60,put,5
2029-01-19,65,call,36
2029-01-19,65,put,50
2029-01-19,70,call,46
2029-01-19,70,put,192
2029-01-19,75,call,64
2029-01-19,75,put,16
2029-01-19,80,call,10
2029-01-19,80,put,3
2029-01-19,85,call,64
2029-01-19,85,put,8
2029-01-19,90,call,33
2029-01-19,90,put,6
2029-01-19,95,call,4
2029-01-19,95,put,17
2029-01-19,100,call,67
2029-01-19,100,put,138
2029-01-19,105,call,103
2029-01-19,105,put,64
2029-01-19,110,call,44
2029-01-19,110,put,33
2029-01-19,115,call,573
2029-01-19,115,put,42
2029-01-19,120,call,116
2029-01-19,120,put,24
2029-01-19,125,call,875
2029-01-19,125,put,22
2029-01-19,130,call,9
2029-01-19,130,put,236
2029-01-19,135,call,29
2029-01-19,135,put,105
2029-01-19,140,call,128
2029-01-19,140,put,76
2029-01-19,145,call,31
2029-01-19,145,put,26
2029-01-19,150,call,217
2029-01-19,150,put,267
2029-01-19,155,call,21
2029-01-19,155,put,75
2029-01-19,160,call,93
2029-01-19,160,put,495
2029-01-19,165,call,55
2029-01-19,165,put,84
2029-01-19,170,call,52
2029-01-19,170,put,287
2029-01-19,175,call,279
2029-01-19,175,put,140
2029-01-19,180,call,264
2029-01-19,180,put,1492
2029-01-19,185,call,97
2029-01-19,185,put,1610
2029-01-19,190,call,181
2029-01-19,190,put,133
2029-01-19,195,call,37
2029-01-19,195,put,91
2029-01-19,200,call,10332
2029-01-19,200,put,447
2029-01-19,205,call,32
2029-01-19,205,put,39
2029-01-19,210,call,2357
2029-01-19,210,put,47
2029-01-19,215,call,255
2029-01-19,215,put,39
2029-01-19,220,call,672
2029-01-19,220,put,703
2029-01-19,225,call,351
2029-01-19,225,put,178
2029-01-19,230,call,550
2029-01-19,230,put,401
2029-01-19,235,call,197
2029-01-19,235,put,87
2029-01-19,240,call,584
2029-01-19,240,put,66
2029-01-19,245,call,144
2029-01-19,245,put,42
2029-01-19,250,call,496
2029-01-19,250,put,93
2029-01-19,255,call,209
2029-01-19,255,put,109
2029-01-19,260,call,600
2029-01-19,260,put,125
2029-01-19,265,call,95
2029-01-19,265,put,38
2029-01-19,270,call,438
2029-01-19,270,put,137
2029-01-19,275,call,538
2029-01-19,275,put,48
2029-01-19,280,call,185
2029-01-19,280,put,36
2029-01-19,285,call,22
2029-01-19,285,put,40
2029-01-19,290,call,313
2029-01-19,290,put,72
2029-01-19,295,call,20
2029-01-19,295,put,65
2029-01-19,300,call,2210
2029-01-19,300,put,29
2029-01-19,310,call,854
2029-01-19,310,put,27
2029-01-19,320,call,171
2029-01-19,320,put,7
2029-01-19,330,call,89
2029-01-19,330,put,12
2029-01-19,340,call,34
2029-01-19,340,put,242
2029-01-19,350,call,348
2029-01-19,350,put,18
2029-01-19,360,call,600
2029-01-19,360,put,1
2029-01-19,370,call,48
2029-01-19,370,put,4
2029-01-19,380,call,170
2029-01-19,380,put,41
2029-01-19,390,call,36
2029-01-19,390,put,92
2029-01-19,400,call,182
2029-01-19,400,put,6
2029-01-19,410,call,62
2029-01-19,410,put,50
2029-01-19,420,call,855
2029-01-19,420,put,5
